"","round","loan_id","p1_dec","p2_dec","p3_dec","p4_dec","p5_dec","p6_dec","p7_dec","p8_dec","p9_dec","p10_dec"
"1",1,"1334596","Reject",NA,"Reject","Approve","Reject","Reject",NA,NA,NA,NA
"2",1,"1438057","Reject",NA,"Reject","Reject","Reject","Reject",NA,NA,NA,NA
"3",1,"1439480","Approve",NA,"Approve","Approve","Approve","Approve",NA,NA,NA,NA
"4",1,"1470353","Reject",NA,"Reject","Reject","Reject","Reject",NA,NA,NA,NA
"5",1,"1529432","Reject",NA,"Reject","Reject","Reject","Reject",NA,NA,NA,NA
"6",1,"1534293","Approve",NA,"Approve","Approve","Approve","Approve",NA,NA,NA,NA
"7",1,"1625556","Reject",NA,"Reject","Reject","Reject","Reject",NA,NA,NA,NA
"8",1,"1857226","Reject",NA,"Approve","Reject","Reject","Approve",NA,NA,NA,NA
"9",1,"3158207","Reject",NA,"Reject","Approve","Reject","Reject",NA,NA,NA,NA
"10",1,"3235599","Reject",NA,"Reject","Reject","Reject","Reject",NA,NA,NA,NA
"11",2,"1227988","Approve",NA,"Approve","Reject","Reject","Approve",NA,NA,NA,NA
"12",2,"1325134","Approve",NA,"Approve","Approve","Approve","Approve",NA,NA,NA,NA
"13",2,"1347768","Reject",NA,"Approve","Reject","Reject","Reject",NA,NA,NA,NA
"14",2,"1508178","Reject",NA,"Approve","Reject","Reject","Approve",NA,NA,NA,NA
"15",2,"1531491","Approve",NA,"Reject","Reject","Reject","Reject",NA,NA,NA,NA
"16",2,"1683861","Reject",NA,"Approve","Reject","Reject","Approve",NA,NA,NA,NA
"17",2,"1866661","Reject",NA,"Reject","Reject","Reject","Reject",NA,NA,NA,NA
"18",2,"2175528","Reject",NA,"Reject","Reject","Reject","Reject",NA,NA,NA,NA
"19",2,"3105437","Reject",NA,"Approve","Approve","Reject","Reject",NA,NA,NA,NA
"20",2,"3154245","Approve",NA,"Approve","Approve","Approve","Reject",NA,NA,NA,NA
"21",3,"1358466","Approve",NA,"Approve","Reject","Approve","Approve",NA,NA,NA,NA
"22",3,"1530989","Reject",NA,"Approve","Approve","Reject","Approve",NA,NA,NA,NA
"23",3,"2215152","Reject",NA,"Reject","Reject","Reject","Reject",NA,NA,NA,NA
"24",3,"2485187","Approve",NA,"Approve","Approve","Approve","Approve",NA,NA,NA,NA
"25",3,"2794690","Approve",NA,"Approve","Reject","Approve","Reject",NA,NA,NA,NA
"26",3,"3155053","Reject",NA,"Reject","Approve","Reject","Reject",NA,NA,NA,NA
"27",3,"3155823","Reject",NA,"Reject","Approve","Reject","Approve",NA,NA,NA,NA
"28",3,"3161131","Reject",NA,"Approve","Approve","Approve","Reject",NA,NA,NA,NA
"29",3,"3198607","Reject",NA,"Approve","Approve","Reject","Approve",NA,NA,NA,NA
"30",3,"3235332","Approve",NA,"Approve","Reject","Approve","Approve",NA,NA,NA,NA
"31",4,"1282615","Reject",NA,"Reject","Reject","Reject","Approve",NA,NA,NA,NA
"32",4,"1677240","Approve",NA,"Approve","Approve","Approve","Reject",NA,NA,NA,NA
"33",4,"1687729","Reject",NA,"Reject","Reject","Reject","Reject",NA,NA,NA,NA
"34",4,"1816424","Reject",NA,"Reject","Reject","Approve","Reject",NA,NA,NA,NA
"35",4,"2309025","Reject",NA,"Approve","Approve","Reject","Reject",NA,NA,NA,NA
"36",4,"2383131","Approve",NA,"Approve","Approve","Approve","Approve",NA,NA,NA,NA
"37",4,"2836762","Approve",NA,"Approve","Approve","Reject","Approve",NA,NA,NA,NA
"38",4,"2905247","Reject",NA,"Approve","Approve","Reject","Approve",NA,NA,NA,NA
"39",4,"3159632","Approve",NA,"Reject","Reject","Approve","Reject",NA,NA,NA,NA
"40",4,"3163768","Approve",NA,"Approve","Approve","Approve","Approve",NA,NA,NA,NA
"41",5,"1286676","Approve",NA,"Approve","Reject","Reject","Reject",NA,NA,NA,NA
"42",5,"1411592","Approve",NA,"Approve","Approve","Approve","Approve",NA,NA,NA,NA
"43",5,"1468720","Approve",NA,"Approve","Approve","Reject","Approve",NA,NA,NA,NA
"44",5,"1587833","Reject",NA,"Approve","Approve","Approve","Approve",NA,NA,NA,NA
"45",5,"1600462","Reject",NA,"Reject","Approve","Reject","Reject",NA,NA,NA,NA
"46",5,"1608199","Reject",NA,"Reject","Reject","Approve","Reject",NA,NA,NA,NA
"47",5,"2365728","Approve",NA,"Approve","Approve","Reject","Approve",NA,NA,NA,NA
"48",5,"2379196","Reject",NA,"Reject","Reject","Reject","Reject",NA,NA,NA,NA
"49",5,"3160349","Reject",NA,"Reject","Reject","Reject","Reject",NA,NA,NA,NA
"50",5,"3265412","Approve",NA,"Reject","Reject","Reject","Reject",NA,NA,NA,NA
"51",6,"1403327","Approve",NA,"Approve","Reject","Reject","Reject",NA,NA,NA,NA
"52",6,"1455164","Approve",NA,"Reject","Reject","Approve","Approve",NA,NA,NA,NA
"53",6,"1490388","Approve",NA,"Approve","Approve","Reject","Reject",NA,NA,NA,NA
"54",6,"1524519","Approve",NA,"Approve","Reject","Reject","Approve",NA,NA,NA,NA
"55",6,"1696113","Reject",NA,"Approve","Approve","Approve","Reject",NA,NA,NA,NA
"56",6,"2080779","Approve",NA,"Reject","Reject","Reject","Reject",NA,NA,NA,NA
"57",6,"2218127","Approve",NA,"Approve","Approve","Reject","Reject",NA,NA,NA,NA
"58",6,"2794783","Approve",NA,"Approve",NA,"Reject","Reject",NA,NA,NA,NA
"59",6,"2826396","Reject",NA,"Reject","Approve","Reject","Reject",NA,NA,NA,NA
"60",6,"3236738","Approve",NA,"Reject","Approve","Approve","Reject",NA,NA,NA,NA
"61",7,"1295173","Approve",NA,"Approve","Reject","Approve","Approve",NA,NA,NA,NA
"62",7,"1343768","Approve",NA,"Approve","Approve","Reject","Approve",NA,NA,NA,NA
"63",7,"1416499","Approve",NA,"Approve","Reject","Reject","Approve",NA,NA,NA,NA
"64",7,"1446006","Approve",NA,"Approve","Approve","Approve","Approve",NA,NA,NA,NA
"65",7,"1549100","Reject",NA,"Approve","Approve","Reject","Reject",NA,NA,NA,NA
"66",7,"1593711","Reject",NA,"Reject","Reject","Reject","Reject",NA,NA,NA,NA
"67",7,"1608526","Approve",NA,"Approve","Approve","Approve","Approve",NA,NA,NA,NA
"68",7,"2089773","Approve",NA,"Approve","Approve","Reject","Reject",NA,NA,NA,NA
"69",7,"2217033","Reject",NA,"Reject","Reject","Reject","Reject",NA,NA,NA,NA
"70",7,"3296223","Reject",NA,"Approve","Approve","Approve","Reject",NA,NA,NA,NA
"71",8,"1313388","Approve",NA,"Approve","Approve","Approve","Approve",NA,NA,NA,NA
"72",8,"1318579","Approve",NA,"Approve","Reject","Approve","Approve",NA,NA,NA,NA
"73",8,"1428542","Reject",NA,"Reject","Reject","Reject","Reject",NA,NA,NA,NA
"74",8,"1510063","Reject",NA,"Reject","Reject","Reject","Reject",NA,NA,NA,NA
"75",8,"1544722","Reject",NA,"Approve","Approve","Reject","Approve",NA,NA,NA,NA
"76",8,"1559058","Approve",NA,"Approve","Approve","Reject","Approve",NA,NA,NA,NA
"77",8,"1618903","Reject",NA,"Approve","Approve","Reject","Reject",NA,NA,NA,NA
"78",8,"2380536","Approve",NA,"Reject","Approve","Approve","Reject",NA,NA,NA,NA
"79",8,"3054732","Approve",NA,"Approve","Approve","Approve","Approve",NA,NA,NA,NA
"80",8,"3064937","Approve",NA,"Reject","Approve","Reject","Reject",NA,NA,NA,NA
"81",9,"1475237","Reject",NA,"Reject","Reject","Reject","Reject",NA,NA,NA,NA
"82",9,"1600579","Approve",NA,"Approve","Approve","Approve","Approve",NA,NA,NA,NA
"83",9,"1678556","Approve",NA,"Approve","Approve","Reject","Reject",NA,NA,NA,NA
"84",9,"2373125","Reject",NA,"Reject","Reject","Reject","Reject",NA,NA,NA,NA
"85",9,"2635597","Approve",NA,"Reject","Approve","Approve","Approve",NA,NA,NA,NA
"86",9,"2644637","Approve",NA,"Reject","Approve","Approve","Approve",NA,NA,NA,NA
"87",9,"2836821","Reject",NA,"Approve","Approve","Approve","Approve",NA,NA,NA,NA
"88",9,"2974581","Approve",NA,"Approve","Approve","Approve","Approve",NA,NA,NA,NA
"89",9,"3056242","Approve",NA,"Reject","Approve","Reject","Approve",NA,NA,NA,NA
"90",9,"3239736","Approve",NA,"Approve","Approve","Approve","Reject",NA,NA,NA,NA
"91",10,"1290462","Approve",NA,"Reject","Reject","Reject","Approve",NA,NA,NA,NA
"92",10,"1328666","Approve",NA,"Approve","Reject","Reject","Approve",NA,NA,NA,NA
"93",10,"1427798","Approve",NA,"Approve","Reject","Approve","Reject",NA,NA,NA,NA
"94",10,"1454668","Approve",NA,"Approve","Approve","Reject","Approve",NA,NA,NA,NA
"95",10,"1508682","Approve",NA,"Approve","Approve","Approve","Reject",NA,NA,NA,NA
"96",10,"1528128","Reject",NA,"Reject","Reject","Reject","Reject",NA,NA,NA,NA
"97",10,"1592631","Approve",NA,"Approve","Approve","Approve","Approve",NA,NA,NA,NA
"98",10,"2604708","Reject",NA,"Approve","Approve","Approve","Reject",NA,NA,NA,NA
"99",10,"3151559","Approve",NA,"Approve","Reject","Reject","Reject",NA,NA,NA,NA
"100",10,"3157428","Reject",NA,"Approve","Approve","Approve","Approve",NA,NA,NA,NA
"101",1,"1334596","Reject",NA,NA,NA,NA,NA,NA,NA,NA,NA
"102",1,"1438057","Approve",NA,NA,NA,NA,NA,NA,NA,NA,NA
"103",1,"1439480","Approve",NA,NA,NA,NA,NA,NA,NA,NA,NA
"104",1,"1470353","Reject",NA,NA,NA,NA,NA,NA,NA,NA,NA
"105",1,"1529432","Approve",NA,NA,NA,NA,NA,NA,NA,NA,NA
"106",1,"1534293","Reject",NA,NA,NA,NA,NA,NA,NA,NA,NA
"107",1,"1625556","Approve",NA,NA,NA,NA,NA,NA,NA,NA,NA
"108",1,"1857226","Reject",NA,NA,NA,NA,NA,NA,NA,NA,NA
"109",1,"3158207","Reject",NA,NA,NA,NA,NA,NA,NA,NA,NA
"110",1,"3235599","Approve",NA,NA,NA,NA,NA,NA,NA,NA,NA
"111",10,"1290462","Approve",NA,"Reject",NA,"Reject","Approve",NA,NA,NA,NA
"112",10,"1328666","Approve",NA,"Approve",NA,"Reject","Approve",NA,NA,NA,NA
"113",10,"1427798","Approve",NA,"Reject",NA,"Reject","Approve",NA,NA,NA,NA
"114",10,"1454668","Approve",NA,"Approve",NA,"Approve","Approve",NA,NA,NA,NA
"115",10,"1508682","Approve",NA,"Approve",NA,"Approve","Reject",NA,NA,NA,NA
"116",10,"1528128","Reject",NA,"Reject",NA,"Reject","Reject",NA,NA,NA,NA
"117",10,"1592631","Reject",NA,"Approve",NA,"Approve","Approve",NA,NA,NA,NA
"118",10,"2604708","Reject",NA,"Approve",NA,"Approve","Approve",NA,NA,NA,NA
"119",10,"3151559","Approve",NA,"Approve",NA,"Approve","Approve",NA,NA,NA,NA
"120",10,"3157428","Approve",NA,"Approve",NA,"Approve","Approve",NA,NA,NA,NA
"121",1,"1334596","Reject","Reject","Reject","Approve","Reject","Reject",NA,NA,NA,NA
"122",1,"1438057","Reject","Reject","Reject","Approve","Reject","Approve",NA,NA,NA,NA
"123",1,"1439480","Approve","Approve","Approve","Approve","Approve","Approve",NA,NA,NA,NA
"124",1,"1470353","Reject","Reject","Reject","Reject","Reject","Reject",NA,NA,NA,NA
"125",1,"1529432","Reject","Reject","Reject","Reject","Reject","Reject",NA,NA,NA,NA
"126",1,"1534293","Approve","Approve","Approve","Reject","Approve","Approve",NA,NA,NA,NA
"127",1,"1625556","Reject","Reject","Approve","Reject","Reject","Reject",NA,NA,NA,NA
"128",1,"1857226","Reject","Reject","Reject","Reject","Approve","Reject",NA,NA,NA,NA
"129",1,"3158207","Reject","Reject","Reject","Approve","Reject","Reject",NA,NA,NA,NA
"130",1,"3235599","Reject","Reject","Reject","Approve","Reject","Reject",NA,NA,NA,NA
"131",2,"1227988","Reject","Reject","Reject","Reject","Reject","Approve",NA,NA,NA,NA
"132",2,"1325134","Approve","Approve","Approve","Approve","Approve","Approve",NA,NA,NA,NA
"133",2,"1347768","Reject","Reject","Approve","Approve","Reject","Reject",NA,NA,NA,NA
"134",2,"1508178","Reject","Reject","Reject","Reject","Approve","Reject",NA,NA,NA,NA
"135",2,"1531491","Reject","Reject","Reject","Reject","Approve","Approve",NA,NA,NA,NA
"136",2,"1683861","Reject","Reject","Reject","Reject","Reject","Reject",NA,NA,NA,NA
"137",2,"1866661","Reject","Reject","Approve","Approve","Reject","Reject",NA,NA,NA,NA
"138",2,"2175528","Approve","Reject","Reject","Reject","Reject","Reject",NA,NA,NA,NA
"139",2,"3105437","Approve","Reject","Approve","Approve","Reject","Reject",NA,NA,NA,NA
"140",2,"3154245","Approve","Approve","Approve","Approve","Approve","Reject",NA,NA,NA,NA
"141",3,"1358466","Approve","Reject","Reject","Approve","Reject","Approve",NA,NA,NA,NA
"142",3,"1530989","Approve","Reject","Reject","Reject","Approve","Reject",NA,NA,NA,NA
"143",3,"2215152","Reject","Reject","Reject","Approve","Reject","Reject",NA,NA,NA,NA
"144",3,"2485187","Approve","Approve","Approve","Approve","Approve","Approve",NA,NA,NA,NA
"145",3,"2794690","Reject","Approve","Approve","Reject","Approve","Approve",NA,NA,NA,NA
"146",3,"3155053","Reject","Reject","Reject","Reject","Approve","Reject",NA,NA,NA,NA
"147",3,"3155823","Reject","Approve","Approve","Reject","Approve","Reject",NA,NA,NA,NA
"148",3,"3161131","Reject","Reject","Reject","Approve","Reject","Reject",NA,NA,NA,NA
"149",3,"3198607","Reject","Reject","Approve","Reject","Approve","Reject",NA,NA,NA,NA
"150",3,"3235332","Approve","Approve","Approve","Reject","Reject","Reject",NA,NA,NA,NA
"151",4,"1282615","Reject","Reject","Reject","Approve","Reject","Reject",NA,NA,NA,NA
"152",4,"1677240","Approve","Approve","Approve","Approve","Reject","Reject",NA,NA,NA,NA
"153",4,"1687729","Reject","Reject","Approve","Reject","Reject","Reject",NA,NA,NA,NA
"154",4,"1816424","Reject","Reject","Reject","Reject","Approve","Reject",NA,NA,NA,NA
"155",4,"2309025","Reject","Reject","Reject","Reject","Reject","Reject",NA,NA,NA,NA
"156",4,"2383131","Approve","Reject","Approve","Reject","Approve","Approve",NA,NA,NA,NA
"157",4,"2836762","Reject","Reject","Reject","Reject","Reject","Approve",NA,NA,NA,NA
"158",4,"2905247","Reject","Approve","Approve","Approve","Approve","Reject",NA,NA,NA,NA
"159",4,"3159632","Approve","Approve","Approve","Approve","Approve","Approve",NA,NA,NA,NA
"160",4,"3163768","Reject","Approve","Approve","Reject","Approve","Approve",NA,NA,NA,NA
"161",5,"1286676","Reject","Reject","Reject","Reject","Reject","Approve",NA,NA,NA,NA
"162",5,"1411592","Approve","Approve","Approve","Reject","Approve","Approve",NA,NA,NA,NA
"163",5,"1468720","Approve","Reject","Approve","Approve","Approve","Approve",NA,NA,NA,NA
"164",5,"1587833","Reject","Reject","Approve","Reject","Reject","Reject",NA,NA,NA,NA
"165",5,"1600462","Approve","Reject","Reject","Approve","Reject","Reject",NA,NA,NA,NA
"166",5,"1608199","Reject","Reject","Approve","Approve","Approve","Reject",NA,NA,NA,NA
"167",5,"2365728","Reject","Reject","Approve","Reject","Reject","Approve",NA,NA,NA,NA
"168",5,"2379196","Reject","Reject","Reject","Reject","Approve","Reject",NA,NA,NA,NA
"169",5,"3160349","Reject","Reject","Reject","Approve","Reject","Reject",NA,NA,NA,NA
"170",5,"3265412","Reject","Reject","Reject","Approve","Approve","Approve",NA,NA,NA,NA
"171",6,"1403327","Reject","Reject","Reject","Approve","Approve","Approve",NA,NA,NA,NA
"172",6,"1455164","Reject","Reject","Approve","Reject","Approve","Reject",NA,NA,NA,NA
"173",6,"1490388","Approve","Reject","Reject","Approve","Reject","Approve",NA,NA,NA,NA
"174",6,"1524519","Reject","Reject","Reject","Reject","Reject","Approve",NA,NA,NA,NA
"175",6,"1696113","Approve","Reject","Reject","Reject","Approve","Reject",NA,NA,NA,NA
"176",6,"2080779","Reject","Reject","Reject","Reject","Approve","Reject",NA,NA,NA,NA
"177",6,"2218127","Reject","Reject","Reject","Approve","Reject","Approve",NA,NA,NA,NA
"178",6,"2794783","Reject","Approve","Reject","Reject","Approve","Approve",NA,NA,NA,NA
"179",6,"2826396","Reject","Reject","Reject","Reject","Reject","Reject",NA,NA,NA,NA
"180",6,"3236738","Approve","Approve","Approve","Approve","Approve","Reject",NA,NA,NA,NA
"181",7,"1295173","Reject","Approve","Approve","Approve","Approve","Reject",NA,NA,NA,NA
"182",7,"1343768","Approve","Approve","Approve","Reject","Reject","Approve",NA,NA,NA,NA
"183",7,"1416499","Approve","Approve","Approve","Approve","Approve","Approve",NA,NA,NA,NA
"184",7,"1446006","Approve","Approve","Approve","Reject","Approve","Approve",NA,NA,NA,NA
"185",7,"1549100","Reject","Reject","Reject","Reject","Approve","Reject",NA,NA,NA,NA
"186",7,"1593711","Reject","Reject","Reject","Approve","Reject","Approve",NA,NA,NA,NA
"187",7,"1608526","Reject","Reject","Approve","Approve","Approve","Reject",NA,NA,NA,NA
"188",7,"2089773","Reject","Reject","Reject","Reject","Approve","Reject",NA,NA,NA,NA
"189",7,"2217033","Reject","Reject","Reject","Reject","Reject","Approve",NA,NA,NA,NA
"190",7,"3296223","Approve","Approve","Approve","Approve","Approve","Reject",NA,NA,NA,NA
"191",8,"1313388","Approve","Approve","Approve","Approve","Approve","Approve",NA,NA,NA,NA
"192",8,"1318579","Approve","Approve","Approve","Approve","Approve","Approve",NA,NA,NA,NA
"193",8,"1428542","Reject","Reject","Reject","Approve","Reject","Approve",NA,NA,NA,NA
"194",8,"1510063","Reject","Reject","Reject","Reject","Reject","Reject",NA,NA,NA,NA
"195",8,"1544722","Reject","Approve","Approve","Reject","Approve","Reject",NA,NA,NA,NA
"196",8,"1559058","Reject","Approve","Approve","Approve","Approve","Reject",NA,NA,NA,NA
"197",8,"1618903","Reject","Reject","Reject","Approve","Reject","Reject",NA,NA,NA,NA
"198",8,"2380536","Approve","Approve","Approve","Reject","Reject","Approve",NA,NA,NA,NA
"199",8,"3054732","Approve","Approve","Approve","Reject","Approve","Approve",NA,NA,NA,NA
"200",8,"3064937","Reject","Approve","Approve","Approve","Approve","Reject",NA,NA,NA,NA
"201",9,"1475237","Reject","Reject","Reject","Reject","Reject","Reject",NA,NA,NA,NA
"202",9,"1600579","Approve","Approve","Approve","Approve","Approve","Approve",NA,NA,NA,NA
"203",9,"1678556","Reject","Reject","Reject","Approve","Approve","Approve",NA,NA,NA,NA
"204",9,"2373125","Reject","Reject","Reject","Reject","Reject","Reject",NA,NA,NA,NA
"205",9,"2635597","Approve","Approve","Approve","Approve","Approve","Reject",NA,NA,NA,NA
"206",9,"2644637","Approve","Approve","Approve","Reject","Reject","Approve",NA,NA,NA,NA
"207",9,"2836821","Reject","Approve","Approve","Approve","Approve","Reject",NA,NA,NA,NA
"208",9,"2974581","Reject","Approve","Approve","Reject","Approve","Approve",NA,NA,NA,NA
"209",9,"3056242","Reject","Reject","Approve","Approve","Reject","Reject",NA,NA,NA,NA
"210",9,"3239736","Approve","Reject","Approve","Approve","Approve","Approve",NA,NA,NA,NA
"211",10,"1290462","Reject","Reject","Approve","Approve","Reject","Reject",NA,NA,NA,NA
"212",10,"1328666","Approve","Approve","Approve","Approve","Approve","Approve",NA,NA,NA,NA
"213",10,"1427798","Approve","Approve","Approve","Reject","Approve","Reject",NA,NA,NA,NA
"214",10,"1454668","Reject","Approve","Approve","Reject","Approve","Approve",NA,NA,NA,NA
"215",10,"1508682","Approve","Reject","Reject","Approve","Approve","Approve",NA,NA,NA,NA
"216",10,"1528128","Reject","Reject","Reject","Reject","Reject","Reject",NA,NA,NA,NA
"217",10,"1592631","Approve","Approve","Approve","Approve","Approve","Approve",NA,NA,NA,NA
"218",10,"2604708","Approve","Approve","Approve","Approve","Approve","Reject",NA,NA,NA,NA
"219",10,"3151559","Approve","Approve","Approve","Approve","Approve","Approve",NA,NA,NA,NA
"220",10,"3157428","Approve","Approve","Approve","Reject","Approve","Approve",NA,NA,NA,NA
"221",1,"1334596","Reject","Reject",NA,"Reject","Reject","Reject",NA,NA,NA,NA
"222",1,"1438057","Reject","Reject",NA,"Reject","Approve","Approve",NA,NA,NA,NA
"223",1,"1439480","Approve","Approve","Approve","Approve","Approve","Approve",NA,NA,NA,NA
"224",1,"1470353","Reject","Reject",NA,"Reject","Reject","Approve",NA,NA,NA,NA
"225",1,"1529432","Reject","Reject",NA,"Reject","Reject","Reject",NA,NA,NA,NA
"226",1,"1534293","Approve","Approve","Approve","Approve","Approve","Approve",NA,NA,NA,NA
"227",1,"1625556","Approve","Reject","Approve","Reject","Reject","Approve",NA,NA,NA,NA
"228",1,"1857226","Approve","Reject",NA,"Reject","Approve","Reject",NA,NA,NA,NA
"229",1,"3158207","Approve","Reject",NA,"Reject","Reject","Reject",NA,NA,NA,NA
"230",1,"3235599","Approve","Reject",NA,"Reject","Reject","Reject",NA,NA,NA,NA
"231",2,"1227988","Reject","Reject","Reject","Reject","Reject","Approve",NA,NA,NA,NA
"232",2,"1325134","Reject","Approve","Approve","Approve","Approve","Approve",NA,NA,NA,NA
"233",2,"1347768","Reject","Reject","Reject","Approve","Approve","Approve",NA,NA,NA,NA
"234",2,"1508178","Reject","Reject","Reject","Approve","Reject","Reject",NA,NA,NA,NA
"235",2,"1531491","Reject","Approve",NA,"Reject","Reject","Reject",NA,NA,NA,NA
"236",2,"1683861","Reject","Reject","Reject","Reject","Reject","Reject",NA,NA,NA,NA
"237",2,"1866661","Approve","Reject","Reject","Approve","Reject","Reject",NA,NA,NA,NA
"238",2,"2175528","Approve","Reject","Reject","Approve","Reject","Approve",NA,NA,NA,NA
"239",2,"3105437","Reject","Approve","Approve","Approve","Approve","Reject",NA,NA,NA,NA
"240",2,"3154245","Approve","Approve","Approve","Approve","Approve","Approve",NA,NA,NA,NA
"241",3,"1358466","Reject","Reject","Reject","Reject","Reject","Approve",NA,NA,NA,NA
"242",3,"1530989","Approve","Reject","Approve","Approve","Approve","Reject",NA,NA,NA,NA
"243",3,"2215152","Reject","Reject","Reject","Approve","Reject","Reject",NA,NA,NA,NA
"244",3,"2485187","Approve","Approve","Approve","Approve","Approve","Approve",NA,NA,NA,NA
"245",3,"2794690","Reject","Approve","Reject","Approve","Reject","Reject",NA,NA,NA,NA
"246",3,"3155053","Reject","Reject",NA,"Reject","Reject","Reject",NA,NA,NA,NA
"247",3,"3155823","Approve","Approve","Reject","Approve","Approve","Reject",NA,NA,NA,NA
"248",3,"3161131","Reject","Reject",NA,"Reject","Approve","Reject",NA,NA,NA,NA
"249",3,"3198607","Approve","Approve","Reject","Approve","Reject","Approve",NA,NA,NA,NA
"250",3,"3235332","Reject","Approve","Reject","Approve","Reject","Approve",NA,NA,NA,NA
"251",4,"1282615","Reject","Reject","Approve","Reject","Reject","Reject",NA,NA,NA,NA
"252",4,"1677240","Approve","Approve","Reject","Approve","Reject","Reject",NA,NA,NA,NA
"253",4,"1687729","Reject","Reject",NA,"Approve","Reject","Reject",NA,NA,NA,NA
"254",4,"1816424","Reject","Reject",NA,"Reject","Reject","Approve",NA,NA,NA,NA
"255",4,"2309025","Reject","Reject","Reject","Reject","Reject","Approve",NA,NA,NA,NA
"256",4,"2383131","Approve","Approve","Reject","Approve","Approve","Approve",NA,NA,NA,NA
"257",4,"2836762","Approve","Reject",NA,"Reject","Reject","Approve",NA,NA,NA,NA
"258",4,"2905247","Approve","Approve","Reject","Approve","Reject","Approve",NA,NA,NA,NA
"259",4,"3159632","Reject","Approve","Reject","Approve","Reject","Reject",NA,NA,NA,NA
"260",4,"3163768","Approve","Approve","Approve","Approve","Approve","Approve",NA,NA,NA,NA
"261",5,"1286676","Reject","Reject","Reject","Approve","Reject","Approve",NA,NA,NA,NA
"262",5,"1411592","Approve","Approve","Approve","Approve","Reject","Approve",NA,NA,NA,NA
"263",5,"1468720","Approve","Approve","Reject","Approve","Reject","Approve",NA,NA,NA,NA
"264",5,"1587833","Approve","Approve","Reject","Reject","Reject","Reject",NA,NA,NA,NA
"265",5,"1600462","Approve","Reject","Reject","Reject","Reject","Reject",NA,NA,NA,NA
"266",5,"1608199","Approve","Approve","Reject","Approve","Reject","Reject",NA,NA,NA,NA
"267",5,"2365728","Approve","Reject","Reject","Approve","Reject","Approve",NA,NA,NA,NA
"268",5,"2379196","Reject","Approve","Reject","Reject","Reject","Approve",NA,NA,NA,NA
"269",5,"3160349","Reject","Reject","Reject","Reject","Reject","Reject",NA,NA,NA,NA
"270",5,"3265412","Reject","Reject","Reject","Reject","Reject","Reject",NA,NA,NA,NA
"271",6,"1403327","Reject","Reject","Approve","Approve","Reject","Approve",NA,NA,NA,NA
"272",6,"1455164","Reject","Reject","Approve","Approve","Approve","Approve",NA,NA,NA,NA
"273",6,"1490388","Reject","Approve","Approve","Reject","Reject","Reject",NA,NA,NA,NA
"274",6,"1524519","Reject","Reject",NA,"Reject","Reject","Reject",NA,NA,NA,NA
"275",6,"1696113","Approve","Approve","Reject","Approve","Reject","Approve",NA,NA,NA,NA
"276",6,"2080779","Reject","Reject","Reject","Reject","Reject","Approve",NA,NA,NA,NA
"277",6,"2218127","Approve","Reject",NA,"Approve","Reject","Approve",NA,NA,NA,NA
"278",6,"2794783","Reject","Approve",NA,"Reject","Approve","Approve",NA,NA,NA,NA
"279",6,"2826396","Reject","Reject",NA,"Reject","Reject","Reject",NA,NA,NA,NA
"280",6,"3236738","Approve","Approve",NA,"Approve","Reject","Approve",NA,NA,NA,NA
"281",7,"1295173","Approve","Approve","Approve","Approve","Approve","Reject",NA,NA,NA,NA
"282",7,"1343768","Approve","Approve","Approve","Approve","Approve","Approve",NA,NA,NA,NA
"283",7,"1416499","Approve","Reject","Reject","Approve","Approve","Approve",NA,NA,NA,NA
"284",7,"1446006","Approve","Approve","Approve","Approve","Approve","Approve",NA,NA,NA,NA
"285",7,"1549100","Reject","Approve","Reject","Reject","Approve","Reject",NA,NA,NA,NA
"286",7,"1593711","Approve","Reject","Reject","Approve","Reject","Approve",NA,NA,NA,NA
"287",7,"1608526","Approve","Approve","Reject","Approve","Approve","Reject",NA,NA,NA,NA
"288",7,"2089773","Approve","Reject","Approve","Reject","Reject","Approve",NA,NA,NA,NA
"289",7,"2217033","Reject","Reject","Reject","Approve","Reject","Reject",NA,NA,NA,NA
"290",7,"3296223","Approve","Approve","Reject","Approve","Approve","Reject",NA,NA,NA,NA
"291",8,"1313388","Approve","Approve","Approve","Approve","Approve","Approve",NA,NA,NA,NA
"292",8,"1318579","Approve","Approve","Approve","Approve","Approve","Approve",NA,NA,NA,NA
"293",8,"1428542","Reject","Reject","Reject","Approve","Reject","Approve",NA,NA,NA,NA
"294",8,"1510063","Reject","Reject","Reject","Reject","Reject","Reject",NA,NA,NA,NA
"295",8,"1544722","Approve","Approve",NA,"Approve","Approve","Reject",NA,NA,NA,NA
"296",8,"1559058","Approve","Approve","Approve","Approve","Approve","Approve",NA,NA,NA,NA
"297",8,"1618903","Approve","Reject","Reject","Reject","Reject","Reject",NA,NA,NA,NA
"298",8,"2380536","Approve","Approve","Approve","Approve","Reject","Approve",NA,NA,NA,NA
"299",8,"3054732","Approve","Approve","Approve","Approve","Approve","Approve",NA,NA,NA,NA
"300",8,"3064937","Approve","Approve","Reject","Reject","Reject","Reject",NA,NA,NA,NA
"301",9,"1475237","Reject","Reject","Reject","Reject","Reject","Approve",NA,NA,NA,NA
"302",9,"1600579","Approve","Approve","Approve","Approve","Approve","Approve",NA,NA,NA,NA
"303",9,"1678556","Approve","Reject","Reject","Approve","Reject","Approve",NA,NA,NA,NA
"304",9,"2373125","Reject","Reject","Reject","Reject","Reject","Reject",NA,NA,NA,NA
"305",9,"2635597","Approve","Approve","Approve","Approve","Approve","Approve",NA,NA,NA,NA
"306",9,"2644637","Approve","Approve","Approve","Approve","Reject","Reject",NA,NA,NA,NA
"307",9,"2836821","Approve","Approve","Approve","Approve","Approve","Approve",NA,NA,NA,NA
"308",9,"2974581","Approve","Approve","Approve","Approve","Approve","Approve",NA,NA,NA,NA
"309",9,"3056242","Reject","Reject","Reject","Reject","Approve","Reject",NA,NA,NA,NA
"310",9,"3239736","Approve","Approve","Approve","Approve","Approve","Approve",NA,NA,NA,NA
"311",10,"1290462","Reject","Reject","Reject","Approve","Reject","Approve",NA,NA,NA,NA
"312",10,"1328666","Approve","Approve","Approve","Approve","Reject","Reject",NA,NA,NA,NA
"313",10,"1427798","Approve","Approve","Approve","Approve","Reject","Approve",NA,NA,NA,NA
"314",10,"1454668","Approve","Approve","Approve","Reject","Approve","Approve",NA,NA,NA,NA
"315",10,"1508682","Approve","Approve","Reject","Approve","Approve","Approve",NA,NA,NA,NA
"316",10,"1528128","Reject","Reject","Reject","Reject","Reject","Reject",NA,NA,NA,NA
"317",10,"1592631","Approve","Approve","Approve","Approve","Approve","Approve",NA,NA,NA,NA
"318",10,"2604708","Approve","Approve","Approve","Approve","Approve","Reject",NA,NA,NA,NA
"319",10,"3151559","Approve","Approve","Approve","Approve","Approve","Reject",NA,NA,NA,NA
"320",10,"3157428","Approve","Approve","Approve","Approve","Approve","Approve",NA,NA,NA,NA
"321",1,"1334596","Reject","Reject","Reject","Reject","Reject","Reject",NA,NA,NA,NA
"322",1,"1438057","Reject","Reject","Reject","Reject","Reject","Reject",NA,NA,NA,NA
"323",1,"1439480","Approve","Approve","Approve","Approve","Approve","Approve",NA,NA,NA,NA
"324",1,"1470353","Reject","Reject","Reject","Reject","Reject","Reject",NA,NA,NA,NA
"325",1,"1529432","Reject","Reject","Approve","Approve","Approve","Approve",NA,NA,NA,NA
"326",1,"1534293","Approve","Approve","Approve","Approve","Approve","Approve",NA,NA,NA,NA
"327",1,"1625556","Reject","Reject","Reject","Reject","Reject","Reject",NA,NA,NA,NA
"328",1,"1857226","Approve","Approve","Approve",NA,"Approve","Reject",NA,NA,NA,NA
"329",1,"3158207","Reject","Approve","Approve","Reject","Approve","Reject",NA,NA,NA,NA
"330",1,"3235599","Approve","Approve","Reject","Reject","Reject","Reject",NA,NA,NA,NA
"331",2,"1227988","Approve","Reject","Reject","Reject","Approve","Approve",NA,NA,NA,NA
"332",2,"1325134","Approve","Approve","Approve","Approve","Approve","Approve",NA,NA,NA,NA
"333",2,"1347768","Approve","Approve","Reject","Reject","Reject","Reject",NA,NA,NA,NA
"334",2,"1508178","Approve","Approve","Reject","Approve","Reject","Reject",NA,NA,NA,NA
"335",2,"1531491","Approve","Reject","Approve","Reject","Approve","Approve",NA,NA,NA,NA
"336",2,"1683861","Reject","Reject","Reject","Reject","Approve","Reject",NA,NA,NA,NA
"337",2,"1866661","Approve","Reject","Approve","Approve","Approve","Reject",NA,NA,NA,NA
"338",2,"2175528","Reject","Reject","Approve","Approve","Approve","Approve",NA,NA,NA,NA
"339",2,"3105437","Approve","Approve","Reject","Reject","Approve","Approve",NA,NA,NA,NA
"340",2,"3154245","Approve","Approve","Approve","Approve","Approve","Approve",NA,NA,NA,NA
"341",3,"1358466","Reject","Reject","Reject","Reject","Approve","Reject",NA,NA,NA,NA
"342",3,"1530989","Approve","Approve","Approve","Approve","Approve","Approve",NA,NA,NA,NA
"343",3,"2215152","Reject","Reject","Approve","Reject","Reject","Reject",NA,NA,NA,NA
"344",3,"2485187","Approve","Approve","Approve","Approve","Approve","Approve",NA,NA,NA,NA
"345",3,"2794690","Approve","Approve","Approve","Approve","Reject","Approve",NA,NA,NA,NA
"346",3,"3155053","Reject","Reject","Reject","Reject","Approve","Approve",NA,NA,NA,NA
"347",3,"3155823","Approve","Approve","Approve","Approve","Approve","Approve",NA,NA,NA,NA
"348",3,"3161131","Approve","Reject","Reject","Reject","Reject","Approve",NA,NA,NA,NA
"349",3,"3198607","Reject","Reject","Approve","Reject","Approve","Reject",NA,NA,NA,NA
"350",3,"3235332","Approve","Approve","Approve","Reject","Approve","Reject",NA,NA,NA,NA
"351",4,"1282615","Approve","Reject","Reject","Reject","Reject","Approve",NA,NA,NA,NA
"352",4,"1677240","Approve","Approve","Approve","Approve","Reject","Approve",NA,NA,NA,NA
"353",4,"1687729","Reject","Reject","Reject","Reject","Reject",NA,NA,NA,NA,NA
"354",4,"1816424","Approve","Approve","Reject","Approve","Reject","Reject",NA,NA,NA,NA
"355",4,"2309025","Reject","Reject","Reject","Approve","Reject","Reject",NA,NA,NA,NA
"356",4,"2383131","Approve","Approve","Approve","Reject","Approve","Approve",NA,NA,NA,NA
"357",4,"2836762","Reject","Reject","Approve","Reject","Reject","Reject",NA,NA,NA,NA
"358",4,"2905247","Approve","Approve","Approve","Approve","Approve",NA,NA,NA,NA,NA
"359",4,"3159632","Reject","Approve","Approve","Approve","Approve","Approve",NA,NA,NA,NA
"360",4,"3163768","Approve","Approve","Approve","Reject","Approve","Approve",NA,NA,NA,NA
"361",5,"1286676","Reject","Reject","Reject","Reject","Approve","Approve",NA,NA,NA,NA
"362",5,"1411592","Approve","Approve","Approve","Approve","Approve","Approve",NA,NA,NA,NA
"363",5,"1468720","Approve","Reject","Reject","Approve","Approve","Approve",NA,NA,NA,NA
"364",5,"1587833","Approve","Reject","Reject","Reject","Reject","Approve",NA,NA,NA,NA
"365",5,"1600462","Approve","Reject","Approve","Reject","Approve","Reject",NA,NA,NA,NA
"366",5,"1608199","Approve","Reject","Approve","Approve","Approve","Approve",NA,NA,NA,NA
"367",5,"2365728","Reject","Reject","Reject","Approve","Reject","Approve",NA,NA,NA,NA
"368",5,"2379196","Approve","Approve","Reject","Reject","Approve","Approve",NA,NA,NA,NA
"369",5,"3160349","Reject","Approve","Approve","Approve","Approve","Reject",NA,NA,NA,NA
"370",5,"3265412","Reject","Approve","Approve","Reject","Reject","Reject",NA,NA,NA,NA
"371",6,"1403327","Reject","Reject","Reject","Reject","Reject","Approve",NA,NA,NA,NA
"372",6,"1455164","Approve","Approve","Approve","Reject","Approve","Approve",NA,NA,NA,NA
"373",6,"1490388","Reject","Approve","Reject","Approve","Approve","Approve",NA,NA,NA,NA
"374",6,"1524519","Approve","Reject","Approve","Reject","Approve","Approve",NA,NA,NA,NA
"375",6,"1696113","Approve","Approve","Reject","Reject","Approve","Approve",NA,NA,NA,NA
"376",6,"2080779","Approve","Reject","Reject","Reject","Approve","Reject",NA,NA,NA,NA
"377",6,"2218127","Approve","Approve","Approve","Approve","Approve","Approve",NA,NA,NA,NA
"378",6,"2794783","Approve","Reject","Reject","Approve","Approve","Approve",NA,NA,NA,NA
"379",6,"2826396","Approve","Reject","Reject","Reject","Approve","Reject",NA,NA,NA,NA
"380",6,"3236738","Approve","Reject","Approve","Approve","Approve","Approve",NA,NA,NA,NA
"381",7,"1295173","Approve","Approve","Approve","Approve","Approve","Approve",NA,NA,NA,NA
"382",7,"1343768","Approve","Approve","Approve","Approve","Approve","Approve",NA,NA,NA,NA
"383",7,"1416499","Reject","Approve","Approve","Approve","Approve","Reject",NA,NA,NA,NA
"384",7,"1446006","Approve","Approve","Approve","Approve","Approve","Approve",NA,NA,NA,NA
"385",7,"1549100","Approve","Reject","Reject","Reject","Approve","Approve",NA,NA,NA,NA
"386",7,"1593711","Reject","Reject","Reject","Reject","Approve","Reject",NA,NA,NA,NA
"387",7,"1608526","Approve","Reject","Approve","Approve","Approve","Approve",NA,NA,NA,NA
"388",7,"2089773","Reject","Approve","Reject","Approve","Approve","Approve",NA,NA,NA,NA
"389",7,"2217033","Approve","Reject","Reject","Reject","Reject","Reject",NA,NA,NA,NA
"390",7,"3296223","Approve","Approve","Approve","Approve","Reject","Approve",NA,NA,NA,NA
"391",8,"1313388","Approve","Approve","Approve","Approve","Approve","Approve",NA,NA,NA,NA
"392",8,"1318579","Approve","Approve","Approve","Approve","Approve","Approve",NA,NA,NA,NA
"393",8,"1428542","Reject","Reject","Reject","Approve","Reject","Approve",NA,NA,NA,NA
"394",8,"1510063","Reject","Reject","Reject","Reject","Reject","Reject",NA,NA,NA,NA
"395",8,"1544722","Approve","Reject","Approve","Reject","Approve","Approve",NA,NA,NA,NA
"396",8,"1559058","Approve","Approve","Approve","Approve","Approve","Reject",NA,NA,NA,NA
"397",8,"1618903","Approve","Reject","Reject","Reject","Reject","Approve",NA,NA,NA,NA
"398",8,"2380536","Approve","Approve","Approve","Approve","Approve","Approve",NA,NA,NA,NA
"399",8,"3054732","Approve","Approve","Approve","Approve","Approve","Approve",NA,NA,NA,NA
"400",8,"3064937","Approve","Reject","Approve","Approve","Approve","Approve",NA,NA,NA,NA
"401",9,"1475237","Reject","Reject","Reject","Reject","Reject","Reject",NA,NA,NA,NA
"402",9,"1600579","Approve","Approve","Reject","Approve","Approve","Approve",NA,NA,NA,NA
"403",9,"1678556","Reject","Approve","Reject","Reject","Approve","Approve",NA,NA,NA,NA
"404",9,"2373125","Reject","Reject","Reject","Reject","Reject","Reject",NA,NA,NA,NA
"405",9,"2635597","Approve","Approve","Approve","Approve","Approve","Approve",NA,NA,NA,NA
"406",9,"2644637","Approve","Approve","Approve","Reject","Approve","Approve",NA,NA,NA,NA
"407",9,"2836821","Approve","Reject","Approve","Approve","Approve","Approve",NA,NA,NA,NA
"408",9,"2974581","Approve","Approve","Approve","Approve","Approve","Approve",NA,NA,NA,NA
"409",9,"3056242","Approve","Reject","Approve","Approve","Approve","Reject",NA,NA,NA,NA
"410",9,"3239736","Approve","Approve","Approve","Approve","Approve","Approve",NA,NA,NA,NA
"411",10,"1290462","Reject","Approve","Reject","Reject","Approve","Reject",NA,NA,NA,NA
"412",10,"1328666","Approve","Approve","Approve","Reject","Approve","Approve",NA,NA,NA,NA
"413",10,"1427798","Approve","Approve","Approve","Approve","Approve","Approve",NA,NA,NA,NA
"414",10,"1454668","Approve","Reject","Approve","Approve","Approve","Approve",NA,NA,NA,NA
"415",10,"1508682","Reject","Approve","Reject","Reject","Approve","Approve",NA,NA,NA,NA
"416",10,"1528128","Reject","Reject","Reject","Reject","Reject","Reject",NA,NA,NA,NA
"417",10,"1592631","Approve","Reject","Approve","Approve","Approve","Approve",NA,NA,NA,NA
"418",10,"2604708","Approve","Reject","Approve","Approve","Approve","Approve",NA,NA,NA,NA
"419",10,"3151559","Approve","Approve","Approve","Approve","Approve","Approve",NA,NA,NA,NA
"420",10,"3157428","Approve","Approve","Approve","Approve","Approve","Approve",NA,NA,NA,NA
"421",1,"1334596","Reject","Reject",NA,"Reject","Reject","Approve",NA,NA,NA,NA
"422",1,"1438057","Approve","Reject",NA,"Reject","Reject","Approve",NA,NA,NA,NA
"423",1,"1439480","Approve","Approve",NA,"Approve","Approve","Approve",NA,NA,NA,NA
"424",1,"1470353","Reject","Reject",NA,"Reject","Reject","Approve",NA,NA,NA,NA
"425",1,"1529432","Reject","Reject",NA,"Reject","Reject","Approve",NA,NA,NA,NA
"426",1,"1534293","Approve","Approve","Approve","Reject","Approve","Approve",NA,NA,NA,NA
"427",1,"1625556","Reject","Approve","Reject","Approve","Reject","Reject",NA,NA,NA,NA
"428",1,"1857226","Approve","Reject",NA,"Approve","Reject","Approve",NA,NA,NA,NA
"429",1,"3158207","Reject","Reject","Reject","Reject","Approve","Reject",NA,NA,NA,NA
"430",1,"3235599","Reject","Reject",NA,"Approve","Reject","Approve",NA,NA,NA,NA
"431",2,"1227988","Approve","Approve","Reject","Reject","Reject","Approve",NA,NA,NA,NA
"432",2,"1325134","Approve","Approve","Approve","Approve","Approve","Approve",NA,NA,NA,NA
"433",2,"1347768","Reject","Approve","Approve","Approve","Reject","Approve",NA,NA,NA,NA
"434",2,"1508178","Reject","Approve","Approve","Reject","Approve","Approve",NA,NA,NA,NA
"435",2,"1531491","Approve","Approve","Approve","Approve","Reject","Approve",NA,NA,NA,NA
"436",2,"1683861","Reject","Reject","Reject","Reject","Approve","Reject",NA,NA,NA,NA
"437",2,"1866661","Reject","Approve","Approve","Reject","Approve","Approve",NA,NA,NA,NA
"438",2,"2175528","Reject","Reject","Reject","Reject","Approve","Approve",NA,NA,NA,NA
"439",2,"3105437","Reject","Approve","Approve","Reject","Reject","Approve",NA,NA,NA,NA
"440",2,"3154245","Approve","Approve","Reject","Approve","Approve","Approve",NA,NA,NA,NA
"441",3,"1358466","Approve","Approve","Approve","Approve","Reject","Reject",NA,NA,NA,NA
"442",3,"1530989","Approve","Reject","Approve","Reject","Reject","Reject",NA,NA,NA,NA
"443",3,"2215152","Reject","Approve","Reject","Reject","Reject","Reject",NA,NA,NA,NA
"444",3,"2485187","Approve","Approve","Approve","Approve","Reject","Reject",NA,NA,NA,NA
"445",3,"2794690","Approve","Approve","Reject","Approve","Reject","Reject",NA,NA,NA,NA
"446",3,"3155053","Reject","Reject","Reject","Reject","Reject","Reject",NA,NA,NA,NA
"447",3,"3155823","Approve","Approve","Reject","Approve","Reject","Reject",NA,NA,NA,NA
"448",3,"3161131","Reject","Reject","Reject","Reject","Reject","Reject",NA,NA,NA,NA
"449",3,"3198607","Approve","Approve","Approve","Reject","Reject","Reject",NA,NA,NA,NA
"450",3,"3235332","Reject","Approve","Approve","Approve","Reject","Reject",NA,NA,NA,NA
"451",4,"1282615","Reject","Reject","Approve","Approve","Reject","Reject",NA,NA,NA,NA
"452",4,"1677240","Approve","Approve","Approve","Reject","Reject","Reject",NA,NA,NA,NA
"453",4,"1687729","Reject","Reject","Reject","Reject","Reject","Reject",NA,NA,NA,NA
"454",4,"1816424","Reject","Reject","Approve","Reject","Reject","Reject",NA,NA,NA,NA
"455",4,"2309025","Reject","Approve","Approve","Reject","Reject","Reject",NA,NA,NA,NA
"456",4,"2383131","Reject","Approve","Approve","Approve","Reject","Reject",NA,NA,NA,NA
"457",4,"2836762","Reject","Reject","Reject","Approve","Reject","Reject",NA,NA,NA,NA
"458",4,"2905247","Approve","Reject","Reject","Approve","Reject","Reject",NA,NA,NA,NA
"459",4,"3159632","Approve","Approve","Reject","Approve","Reject","Reject",NA,NA,NA,NA
"460",4,"3163768","Approve","Approve","Approve","Approve","Reject","Reject",NA,NA,NA,NA
"461",5,"1286676","Reject","Approve","Approve","Approve","Reject","Reject",NA,NA,NA,NA
"462",5,"1411592","Approve","Approve","Approve","Approve","Reject","Approve",NA,NA,NA,NA
"463",5,"1468720","Approve","Approve","Approve","Approve","Reject","Approve",NA,NA,NA,NA
"464",5,"1587833","Approve","Approve","Reject","Reject","Reject","Reject",NA,NA,NA,NA
"465",5,"1600462","Approve","Reject","Reject","Reject","Reject","Approve",NA,NA,NA,NA
"466",5,"1608199","Approve","Reject","Reject","Approve","Reject","Reject",NA,NA,NA,NA
"467",5,"2365728","Approve","Reject","Reject","Reject","Reject","Reject",NA,NA,NA,NA
"468",5,"2379196","Reject","Reject","Reject","Reject","Reject","Reject",NA,NA,NA,NA
"469",5,"3160349","Reject","Reject","Reject","Reject","Reject","Approve",NA,NA,NA,NA
"470",5,"3265412","Reject","Approve","Reject","Reject","Reject","Reject",NA,NA,NA,NA
"471",6,"1403327","Reject","Approve","Reject","Approve","Reject","Reject",NA,NA,NA,NA
"472",6,"1455164","Approve","Approve","Reject","Approve","Reject","Reject",NA,NA,NA,NA
"473",6,"1490388","Reject","Reject","Reject","Approve","Reject","Reject",NA,NA,NA,NA
"474",6,"1524519","Reject","Reject","Reject","Reject","Reject","Reject",NA,NA,NA,NA
"475",6,"1696113","Approve","Approve","Reject","Reject","Reject","Reject",NA,NA,NA,NA
"476",6,"2080779","Reject","Reject","Reject","Reject","Reject","Reject",NA,NA,NA,NA
"477",6,"2218127","Reject","Reject","Reject","Reject","Reject","Reject",NA,NA,NA,NA
"478",6,"2794783","Approve","Reject","Approve","Approve","Reject","Reject",NA,NA,NA,NA
"479",6,"2826396","Reject","Reject","Reject","Reject","Reject","Reject",NA,NA,NA,NA
"480",6,"3236738","Approve","Reject","Reject","Reject","Reject","Reject",NA,NA,NA,NA
"481",7,"1295173","Approve","Approve","Approve","Approve","Reject","Reject",NA,NA,NA,NA
"482",7,"1343768","Approve","Approve","Reject","Approve","Reject","Reject",NA,NA,NA,NA
"483",7,"1416499","Approve","Approve","Approve","Approve","Reject","Reject",NA,NA,NA,NA
"484",7,"1446006","Approve","Approve","Approve","Approve","Reject","Reject",NA,NA,NA,NA
"485",7,"1549100","Reject","Reject","Reject","Reject","Reject","Reject",NA,NA,NA,NA
"486",7,"1593711","Reject","Approve","Reject","Reject","Reject","Reject",NA,NA,NA,NA
"487",7,"1608526","Approve","Approve","Reject","Reject","Reject","Reject",NA,NA,NA,NA
"488",7,"2089773","Reject","Approve","Approve","Reject","Reject","Reject",NA,NA,NA,NA
"489",7,"2217033","Reject","Reject","Reject","Reject","Reject","Reject",NA,NA,NA,NA
"490",7,"3296223","Approve","Approve","Reject","Reject","Reject","Reject",NA,NA,NA,NA
"491",8,"1313388","Approve","Approve","Approve","Approve","Reject","Reject",NA,NA,NA,NA
"492",8,"1318579","Approve","Approve","Approve","Approve","Reject","Approve",NA,NA,NA,NA
"493",8,"1428542","Reject","Approve","Reject","Approve","Reject","Reject",NA,NA,NA,NA
"494",8,"1510063","Reject","Reject","Reject","Reject","Reject","Approve",NA,NA,NA,NA
"495",8,"1544722","Approve","Reject","Reject","Approve","Reject","Approve",NA,NA,NA,NA
"496",8,"1559058","Approve","Approve","Reject","Reject","Reject","Reject",NA,NA,NA,NA
"497",8,"1618903","Reject","Reject","Reject","Reject","Reject","Approve",NA,NA,NA,NA
"498",8,"2380536","Approve","Reject","Approve","Approve","Reject","Approve",NA,NA,NA,NA
"499",8,"3054732","Approve","Approve","Reject","Approve","Reject","Reject",NA,NA,NA,NA
"500",8,"3064937","Approve","Approve","Approve","Reject","Reject","Reject",NA,NA,NA,NA
"501",9,"1475237","Reject","Reject","Reject","Reject","Reject","Reject",NA,NA,NA,NA
"502",9,"1600579","Approve","Approve","Approve","Approve","Reject","Reject",NA,NA,NA,NA
"503",9,"1678556","Reject","Reject","Approve","Approve","Reject","Reject",NA,NA,NA,NA
"504",9,"2373125","Reject","Reject","Reject","Reject","Reject","Reject",NA,NA,NA,NA
"505",9,"2635597","Approve","Approve","Reject","Approve","Reject","Reject",NA,NA,NA,NA
"506",9,"2644637","Approve","Approve","Reject","Reject","Reject","Approve",NA,NA,NA,NA
"507",9,"2836821","Approve","Approve","Reject","Approve","Reject","Approve",NA,NA,NA,NA
"508",9,"2974581","Approve","Approve","Approve","Approve","Reject","Reject",NA,NA,NA,NA
"509",9,"3056242","Reject","Reject","Reject","Reject","Reject","Approve",NA,NA,NA,NA
"510",9,"3239736","Approve","Approve","Approve","Approve","Reject","Reject",NA,NA,NA,NA
"511",10,"1290462","Reject","Approve","Reject","Approve","Reject","Approve",NA,NA,NA,NA
"512",10,"1328666","Approve","Approve","Approve","Approve","Reject","Approve",NA,NA,NA,NA
"513",10,"1427798","Approve","Approve","Approve","Reject","Reject","Approve",NA,NA,NA,NA
"514",10,"1454668","Approve","Approve","Approve","Approve","Reject","Approve",NA,NA,NA,NA
"515",10,"1508682","Reject","Reject","Reject","Approve","Reject","Reject",NA,NA,NA,NA
"516",10,"1528128","Reject","Reject","Reject","Reject","Reject","Reject",NA,NA,NA,NA
"517",10,"1592631","Approve","Approve","Approve","Reject","Reject","Approve",NA,NA,NA,NA
"518",10,"2604708","Approve","Approve","Reject","Approve","Reject","Approve",NA,NA,NA,NA
"519",10,"3151559","Approve","Approve","Reject","Approve","Reject","Approve",NA,NA,NA,NA
"520",10,"3157428","Approve","Approve","Reject","Approve","Reject","Approve",NA,NA,NA,NA
"521",1,"1334596","Reject","Reject","Approve","Reject","Reject","Approve","Reject","Reject",NA,NA
"522",1,"1438057","Reject","Reject","Reject","Reject","Reject","Approve","Reject","Reject",NA,NA
"523",1,"1439480","Approve","Approve","Reject","Approve","Approve","Approve","Approve","Approve",NA,NA
"524",1,"1470353","Reject","Reject","Approve","Reject","Reject","Approve","Reject","Reject",NA,NA
"525",1,"1529432","Approve","Reject","Reject","Reject","Reject","Reject","Reject","Reject",NA,NA
"526",1,"1534293","Approve","Approve","Approve","Approve","Approve","Reject","Reject","Approve",NA,NA
"527",1,"1625556","Reject","Reject","Approve","Reject","Reject","Reject","Approve","Reject",NA,NA
"528",1,"1857226","Approve","Reject","Reject","Approve","Reject","Approve","Reject","Reject",NA,NA
"529",1,"3158207","Reject","Reject","Reject","Reject","Reject","Approve","Reject","Reject",NA,NA
"530",1,"3235599","Reject","Reject","Reject","Reject","Reject","Reject","Reject","Reject",NA,NA
"531",2,"1227988","Reject","Reject","Approve","Approve",NA,"Reject","Reject","Approve",NA,NA
"532",2,"1325134","Approve","Approve","Approve","Approve","Approve","Approve","Approve","Approve",NA,NA
"533",2,"1347768","Reject","Reject","Approve","Approve","Approve","Approve","Reject","Reject",NA,NA
"534",2,"1508178","Approve","Reject","Reject","Approve","Reject","Reject","Reject","Reject",NA,NA
"535",2,"1531491","Reject","Reject","Approve","Approve","Approve","Approve","Approve","Reject",NA,NA
"536",2,"1683861","Reject","Reject","Reject","Reject","Approve","Reject","Reject","Reject",NA,NA
"537",2,"1866661","Reject","Reject","Approve","Approve","Reject","Reject","Reject","Reject",NA,NA
"538",2,"2175528","Reject","Reject","Reject","Approve","Approve","Reject","Reject","Reject",NA,NA
"539",2,"3105437","Approve","Reject","Approve","Approve","Reject","Reject","Approve","Approve",NA,NA
"540",2,"3154245","Reject","Reject","Approve","Reject","Reject","Reject","Reject","Approve",NA,NA
"541",3,"1358466","Reject","Reject","Reject","Approve","Reject","Reject","Approve","Approve",NA,NA
"542",3,"1530989","Approve","Approve","Approve","Reject","Reject","Reject","Approve","Approve",NA,NA
"543",3,"2215152","Reject","Reject","Approve","Reject","Reject","Reject","Reject","Reject",NA,NA
"544",3,"2485187","Approve","Approve","Approve","Approve","Approve","Approve","Reject","Approve",NA,NA
"545",3,"2794690","Approve","Reject","Approve","Approve","Approve","Reject","Reject","Approve",NA,NA
"546",3,"3155053","Reject","Reject","Approve","Reject","Reject","Reject","Reject","Reject",NA,NA
"547",3,"3155823","Approve","Approve","Approve","Approve","Approve","Reject","Reject","Approve",NA,NA
"548",3,"3161131","Reject","Reject","Approve","Approve","Reject","Reject","Reject","Approve",NA,NA
"549",3,"3198607","Reject","Reject","Reject","Approve","Reject","Approve","Approve","Reject",NA,NA
"550",3,"3235332","Approve","Approve","Approve","Approve",NA,"Approve","Reject","Approve",NA,NA
"551",4,"1282615","Approve","Reject","Reject","Approve","Reject","Reject","Reject","Approve",NA,NA
"552",4,"1677240","Reject","Reject","Approve","Approve","Approve","Reject","Reject","Approve",NA,NA
"553",4,"1687729","Reject","Reject","Reject","Approve","Reject","Reject","Reject","Reject",NA,NA
"554",4,"1816424","Approve","Reject","Reject","Reject","Reject","Approve","Approve","Approve",NA,NA
"555",4,"2309025","Reject","Reject","Approve","Approve","Approve","Approve","Reject","Reject",NA,NA
"556",4,"2383131","Approve","Approve","Approve","Approve","Reject","Approve","Approve","Approve",NA,NA
"557",4,"2836762","Reject","Reject","Reject","Approve","Approve","Reject","Reject","Reject",NA,NA
"558",4,"2905247","Reject","Reject","Approve","Approve","Approve","Reject","Approve","Approve",NA,NA
"559",4,"3159632","Approve","Reject","Approve","Approve","Approve","Approve","Approve","Approve",NA,NA
"560",4,"3163768","Approve","Approve","Approve","Approve","Approve","Reject","Approve","Reject",NA,NA
"561",5,"1286676","Reject","Reject","Reject","Approve","Approve","Reject","Reject","Approve",NA,NA
"562",5,"1411592","Approve","Approve","Approve","Approve","Approve","Approve","Approve","Approve",NA,NA
"563",5,"1468720","Approve","Approve","Reject","Approve","Approve","Approve","Approve","Reject",NA,NA
"564",5,"1587833","Reject","Reject","Approve","Approve","Reject","Approve","Reject","Reject",NA,NA
"565",5,"1600462","Reject","Reject","Approve","Approve","Reject","Reject","Reject","Reject",NA,NA
"566",5,"1608199","Reject","Reject","Reject","Approve","Reject","Reject","Reject","Approve",NA,NA
"567",5,"2365728","Reject","Reject","Reject","Approve","Reject","Reject","Reject","Approve",NA,NA
"568",5,"2379196","Reject","Reject","Approve","Reject","Approve","Approve","Reject","Approve",NA,NA
"569",5,"3160349","Approve","Reject","Reject","Reject","Reject","Reject","Reject","Reject",NA,NA
"570",5,"3265412","Reject","Reject","Reject","Approve","Approve","Reject","Reject","Approve",NA,NA
"571",6,"1403327","Reject","Reject","Reject","Approve","Approve","Reject","Reject","Approve",NA,NA
"572",6,"1455164","Approve","Reject","Approve","Approve","Reject","Approve","Approve","Approve",NA,NA
"573",6,"1490388","Approve","Reject","Approve","Approve","Approve","Reject","Reject","Reject",NA,NA
"574",6,"1524519","Approve","Reject","Approve","Approve","Reject","Reject","Reject","Reject",NA,NA
"575",6,"1696113","Approve","Reject","Approve","Approve","Approve","Approve","Reject","Reject",NA,NA
"576",6,"2080779","Reject","Reject","Reject","Reject","Approve","Approve","Reject","Reject",NA,NA
"577",6,"2218127","Approve","Reject","Reject","Approve","Reject","Reject","Reject","Reject",NA,NA
"578",6,"2794783","Approve","Reject","Reject","Approve","Reject","Reject","Reject","Approve",NA,NA
"579",6,"2826396","Reject","Reject","Approve","Approve","Reject","Reject","Reject","Approve",NA,NA
"580",6,"3236738","Approve","Reject","Approve","Approve","Approve","Reject","Reject","Approve",NA,NA
"581",7,"1295173","Approve","Approve","Approve","Approve","Approve","Approve","Approve","Approve",NA,NA
"582",7,"1343768","Approve","Approve","Approve","Approve","Approve","Approve","Approve","Approve",NA,NA
"583",7,"1416499","Approve","Reject","Approve","Approve","Approve","Approve","Reject","Approve",NA,NA
"584",7,"1446006","Approve","Approve","Approve","Approve","Approve","Approve","Approve","Approve",NA,NA
"585",7,"1549100","Reject","Reject","Approve","Reject","Reject","Reject","Approve","Reject",NA,NA
"586",7,"1593711","Approve","Reject","Reject","Reject","Reject","Reject","Reject","Reject",NA,NA
"587",7,"1608526","Approve","Reject","Approve","Approve","Reject","Reject","Reject","Approve",NA,NA
"588",7,"2089773","Approve","Reject","Reject","Reject",NA,"Approve","Reject","Reject",NA,NA
"589",7,"2217033","Reject","Reject","Reject","Approve","Reject","Reject","Reject","Reject",NA,NA
"590",7,"3296223","Approve","Reject","Approve","Reject","Reject","Approve","Reject","Approve",NA,NA
"591",8,"1313388","Approve","Approve","Reject","Approve","Approve","Approve","Approve","Approve",NA,NA
"592",8,"1318579","Approve","Approve","Approve","Approve","Approve","Approve","Approve","Approve",NA,NA
"593",8,"1428542","Approve","Reject","Reject","Approve","Reject","Reject","Reject","Approve",NA,NA
"594",8,"1510063","Reject","Reject","Approve","Approve","Reject","Reject","Reject","Reject",NA,NA
"595",8,"1544722","Reject","Reject","Approve","Reject","Reject","Reject","Reject","Approve",NA,NA
"596",8,"1559058","Reject","Reject","Approve","Approve","Reject","Approve","Reject","Approve",NA,NA
"597",8,"1618903","Reject","Reject","Approve","Reject","Reject","Reject","Reject","Reject",NA,NA
"598",8,"2380536","Approve","Reject","Approve","Approve","Approve","Approve","Reject","Approve",NA,NA
"599",8,"3054732","Approve","Reject","Approve","Approve","Approve","Approve","Approve","Approve",NA,NA
"600",8,"3064937","Approve","Reject","Approve","Approve","Approve","Approve","Approve","Reject",NA,NA
"601",9,"1475237","Approve","Reject","Reject","Approve","Reject","Approve","Reject","Reject",NA,NA
"602",9,"1600579","Approve","Approve","Approve","Approve","Approve","Approve","Approve","Approve",NA,NA
"603",9,"1678556","Approve","Reject","Approve","Approve","Approve","Reject","Reject","Reject",NA,NA
"604",9,"2373125","Reject","Reject","Reject","Reject","Reject","Reject","Reject","Reject",NA,NA
"605",9,"2635597","Reject","Reject","Approve","Reject","Approve","Approve","Reject","Approve",NA,NA
"606",9,"2644637","Reject","Reject","Approve","Reject","Approve","Approve","Reject","Approve",NA,NA
"607",9,"2836821","Reject","Reject","Approve","Reject","Approve","Approve","Reject","Approve",NA,NA
"608",9,"2974581","Reject","Reject","Approve","Reject","Approve","Approve","Reject","Approve",NA,NA
"609",9,"3056242","Approve","Reject","Approve","Approve","Approve","Reject","Reject","Approve",NA,NA
"610",9,"3239736","Approve","Approve","Reject","Approve","Approve","Approve","Approve","Approve",NA,NA
"611",10,"1290462","Approve","Reject","Approve","Approve","Reject","Reject","Reject","Reject",NA,NA
"612",10,"1328666","Approve","Reject","Approve","Approve","Approve","Approve","Approve","Approve",NA,NA
"613",10,"1427798","Approve","Reject","Reject","Approve","Reject","Reject","Approve","Approve",NA,NA
"614",10,"1454668","Approve","Reject","Approve","Approve","Approve","Reject","Approve","Approve",NA,NA
"615",10,"1508682","Reject","Reject","Approve","Approve","Reject","Approve","Reject","Approve",NA,NA
"616",10,"1528128","Reject","Reject","Reject","Reject","Reject","Reject","Reject","Reject",NA,NA
"617",10,"1592631","Reject","Reject","Approve","Approve","Approve","Approve","Approve","Approve",NA,NA
"618",10,"2604708","Reject","Reject","Approve","Approve","Approve","Approve","Reject","Approve",NA,NA
"619",10,"3151559","Reject","Reject","Approve","Approve","Approve","Approve","Approve","Approve",NA,NA
"620",10,"3157428","Approve","Reject","Approve","Approve","Approve","Approve","Reject","Approve",NA,NA
"621",1,"1334596",NA,"Reject",NA,NA,NA,NA,NA,NA,NA,NA
"622",1,"1438057",NA,"Reject",NA,NA,NA,NA,NA,NA,NA,NA
"623",1,"1439480",NA,"Reject",NA,NA,NA,NA,NA,NA,NA,NA
"624",1,"1470353",NA,"Approve",NA,NA,NA,NA,NA,NA,NA,NA
"625",1,"1529432",NA,"Approve",NA,NA,NA,NA,NA,NA,NA,NA
"626",1,"1534293",NA,"Approve",NA,NA,NA,NA,NA,NA,NA,NA
"627",1,"1625556",NA,"Approve",NA,NA,NA,NA,NA,NA,NA,NA
"628",1,"1857226",NA,"Reject",NA,NA,NA,NA,NA,NA,NA,NA
"629",1,"3158207",NA,"Approve",NA,NA,NA,NA,NA,NA,NA,NA
"630",1,"3235599",NA,"Reject",NA,NA,NA,NA,NA,NA,NA,NA
"631",2,"1227988",NA,"Reject",NA,NA,NA,NA,NA,NA,NA,NA
"632",2,"1325134",NA,"Approve",NA,NA,NA,NA,NA,NA,NA,NA
"633",2,"1347768",NA,"Reject",NA,NA,NA,NA,NA,NA,NA,NA
"634",2,"1508178",NA,"Approve",NA,NA,NA,NA,NA,NA,NA,NA
"635",2,"1531491",NA,"Reject",NA,NA,NA,NA,NA,NA,NA,NA
"636",2,"1683861",NA,"Approve",NA,NA,NA,NA,NA,NA,NA,NA
"637",2,"1866661",NA,"Approve",NA,NA,NA,NA,NA,NA,NA,NA
"638",2,"2175528",NA,"Reject",NA,NA,NA,NA,NA,NA,NA,NA
"639",2,"3105437",NA,"Approve",NA,NA,NA,NA,NA,NA,NA,NA
"640",2,"3154245",NA,"Reject",NA,NA,NA,NA,NA,NA,NA,NA
"641",3,"1358466",NA,"Reject",NA,NA,NA,NA,NA,NA,NA,NA
"642",3,"1530989",NA,"Reject",NA,NA,NA,NA,NA,NA,NA,NA
"643",3,"2215152",NA,"Approve",NA,NA,NA,NA,NA,NA,NA,NA
"644",3,"2485187",NA,"Approve",NA,NA,NA,NA,NA,NA,NA,NA
"645",3,"2794690",NA,"Approve",NA,NA,NA,NA,NA,NA,NA,NA
"646",3,"3155053",NA,"Approve",NA,NA,NA,NA,NA,NA,NA,NA
"647",3,"3155823",NA,"Reject",NA,NA,NA,NA,NA,NA,NA,NA
"648",3,"3161131",NA,"Reject",NA,NA,NA,NA,NA,NA,NA,NA
"649",3,"3198607",NA,"Approve",NA,NA,NA,NA,NA,NA,NA,NA
"650",3,"3235332",NA,"Reject",NA,NA,NA,NA,NA,NA,NA,NA
"651",4,"1282615",NA,"Reject",NA,NA,NA,NA,NA,NA,NA,NA
"652",4,"1677240",NA,"Approve",NA,NA,NA,NA,NA,NA,NA,NA
"653",4,"1687729",NA,"Approve",NA,NA,NA,NA,NA,NA,NA,NA
"654",4,"1816424",NA,"Approve",NA,NA,NA,NA,NA,NA,NA,NA
"655",4,"2309025",NA,"Approve",NA,NA,NA,NA,NA,NA,NA,NA
"656",4,"2383131",NA,"Approve",NA,NA,NA,NA,NA,NA,NA,NA
"657",4,"2836762",NA,"Reject",NA,NA,NA,NA,NA,NA,NA,NA
"658",4,"2905247",NA,"Reject",NA,NA,NA,NA,NA,NA,NA,NA
"659",4,"3159632",NA,"Approve",NA,NA,NA,NA,NA,NA,NA,NA
"660",4,"3163768",NA,"Reject",NA,NA,NA,NA,NA,NA,NA,NA
"661",1,"1334596","Reject","Reject","Reject",NA,"Reject","Approve",NA,NA,NA,NA
"662",1,"1438057","Reject","Reject",NA,NA,"Reject","Reject",NA,NA,NA,NA
"663",1,"1439480","Approve","Approve","Approve",NA,"Approve","Approve",NA,NA,NA,NA
"664",1,"1470353","Approve","Approve","Reject",NA,"Reject","Approve",NA,NA,NA,NA
"665",1,"1529432","Approve","Reject","Reject",NA,"Reject","Reject",NA,NA,NA,NA
"666",1,"1534293","Approve","Approve","Approve",NA,"Approve","Reject",NA,NA,NA,NA
"667",1,"1625556","Approve","Reject","Reject",NA,"Reject","Approve",NA,NA,NA,NA
"668",1,"1857226","Approve","Approve","Approve",NA,"Reject","Approve",NA,NA,NA,NA
"669",1,"3158207","Reject","Reject","Reject",NA,"Reject","Approve",NA,NA,NA,NA
"670",1,"3235599","Reject","Reject","Approve",NA,"Reject","Approve",NA,NA,NA,NA
"671",2,"1227988","Reject","Reject","Reject",NA,"Reject","Approve",NA,NA,NA,NA
"672",2,"1325134","Approve","Approve","Approve",NA,"Approve","Approve",NA,NA,NA,NA
"673",2,"1347768","Approve","Approve","Reject",NA,"Reject","Reject",NA,NA,NA,NA
"674",2,"1508178","Approve","Reject","Approve",NA,"Reject","Reject",NA,NA,NA,NA
"675",2,"1531491","Reject","Reject","Reject",NA,"Reject","Reject",NA,NA,NA,NA
"676",2,"1683861","Reject","Reject","Approve",NA,"Reject","Reject",NA,NA,NA,NA
"677",2,"1866661","Approve","Reject","Approve",NA,"Reject","Reject",NA,NA,NA,NA
"678",2,"2175528","Approve","Reject","Reject",NA,"Reject","Reject",NA,NA,NA,NA
"679",2,"3105437","Reject","Reject","Reject",NA,"Reject","Reject",NA,NA,NA,NA
"680",2,"3154245","Reject","Approve","Approve",NA,"Reject","Reject",NA,NA,NA,NA
"681",3,"1358466","Reject","Reject","Reject",NA,"Approve","Reject",NA,NA,NA,NA
"682",3,"1530989","Reject","Approve","Reject",NA,"Reject","Reject",NA,NA,NA,NA
"683",3,"2215152","Reject","Reject","Approve",NA,"Approve","Reject",NA,NA,NA,NA
"684",3,"2485187","Approve","Approve","Approve",NA,"Reject","Approve",NA,NA,NA,NA
"685",3,"2794690","Approve","Approve","Reject",NA,"Reject","Reject",NA,NA,NA,NA
"686",3,"3155053","Reject","Reject","Approve",NA,"Reject","Approve",NA,NA,NA,NA
"687",3,"3155823","Approve","Reject","Reject",NA,"Reject","Reject",NA,NA,NA,NA
"688",3,"3161131","Reject","Reject","Approve",NA,"Reject","Reject",NA,NA,NA,NA
"689",3,"3198607","Approve","Approve","Approve",NA,"Reject","Approve",NA,NA,NA,NA
"690",3,"3235332","Approve","Approve","Reject",NA,"Approve","Approve",NA,NA,NA,NA
"691",4,"1282615","Reject","Reject","Reject",NA,"Reject","Reject",NA,NA,NA,NA
"692",4,"1677240","Approve","Approve","Approve",NA,"Reject","Approve",NA,NA,NA,NA
"693",4,"1687729","Reject","Reject","Reject",NA,"Reject","Reject",NA,NA,NA,NA
"694",4,"1816424","Reject","Reject","Reject",NA,"Reject","Reject",NA,NA,NA,NA
"695",4,"2309025","Reject","Approve","Reject",NA,"Reject","Reject",NA,NA,NA,NA
"696",4,"2383131","Approve","Approve","Approve",NA,"Approve","Approve",NA,NA,NA,NA
"697",4,"2836762","Approve","Approve","Reject",NA,"Reject","Approve",NA,NA,NA,NA
"698",4,"2905247","Approve","Approve","Reject",NA,"Approve","Approve",NA,NA,NA,NA
"699",4,"3159632","Approve","Approve","Reject",NA,"Reject","Approve",NA,NA,NA,NA
"700",4,"3163768","Approve","Approve","Approve",NA,"Approve","Approve",NA,NA,NA,NA
"701",5,"1286676","Reject","Reject","Approve",NA,"Reject","Reject",NA,NA,NA,NA
"702",5,"1411592","Approve","Approve","Approve",NA,"Approve","Approve",NA,NA,NA,NA
"703",5,"1468720","Approve","Approve","Reject",NA,"Approve","Reject",NA,NA,NA,NA
"704",5,"1587833","Reject","Approve","Approve",NA,"Reject","Approve",NA,NA,NA,NA
"705",5,"1600462","Approve","Reject","Reject",NA,"Reject","Approve",NA,NA,NA,NA
"706",5,"1608199","Approve","Approve","Reject",NA,"Reject","Approve",NA,NA,NA,NA
"707",5,"2365728","Approve","Reject","Reject",NA,"Reject","Approve",NA,NA,NA,NA
"708",5,"2379196","Approve","Reject","Approve",NA,"Reject","Approve",NA,NA,NA,NA
"709",5,"3160349","Approve","Reject","Approve",NA,"Reject","Approve",NA,NA,NA,NA
"710",5,"3265412","Approve","Reject","Reject",NA,"Reject","Reject",NA,NA,NA,NA
"711",6,"1403327","Reject","Reject","Reject",NA,"Reject","Reject",NA,NA,NA,NA
"712",6,"1455164","Reject","Approve","Approve",NA,"Reject","Reject",NA,NA,NA,NA
"713",6,"1490388","Approve","Approve","Reject",NA,"Reject","Approve",NA,NA,NA,NA
"714",6,"1524519","Approve","Approve","Reject",NA,"Approve","Approve",NA,NA,NA,NA
"715",6,"1696113","Approve","Approve","Approve",NA,"Reject","Reject",NA,NA,NA,NA
"716",6,"2080779","Reject","Reject","Approve",NA,"Reject","Reject",NA,NA,NA,NA
"717",6,"2218127","Approve","Reject","Reject",NA,"Reject","Approve",NA,NA,NA,NA
"718",6,"2794783","Reject","Approve","Reject",NA,"Reject","Reject",NA,NA,NA,NA
"719",6,"2826396","Approve","Reject","Reject",NA,"Reject","Reject",NA,NA,NA,NA
"720",6,"3236738","Approve","Approve","Approve",NA,"Approve","Approve",NA,NA,NA,NA
"721",7,"1295173","Approve","Approve","Approve",NA,"Approve","Approve",NA,NA,NA,NA
"722",7,"1343768","Approve","Approve","Approve",NA,"Approve","Reject",NA,NA,NA,NA
"723",7,"1416499","Approve","Approve","Approve",NA,"Approve","Reject",NA,NA,NA,NA
"724",7,"1446006","Approve","Approve","Approve",NA,"Approve","Approve",NA,NA,NA,NA
"725",7,"1549100","Reject","Reject","Approve",NA,"Reject","Reject",NA,NA,NA,NA
"726",7,"1593711","Approve","Approve","Reject",NA,"Reject","Reject",NA,NA,NA,NA
"727",7,"1608526","Approve","Reject","Approve",NA,"Reject","Reject",NA,NA,NA,NA
"728",7,"2089773","Approve","Approve","Reject",NA,"Reject","Reject",NA,NA,NA,NA
"729",7,"2217033","Reject","Reject","Approve",NA,"Reject","Reject",NA,NA,NA,NA
"730",7,"3296223","Approve","Approve","Approve",NA,"Reject","Reject",NA,NA,NA,NA
"731",8,"1313388","Approve","Approve","Approve",NA,"Approve","Approve",NA,NA,NA,NA
"732",8,"1318579","Approve","Approve","Approve",NA,"Approve","Approve",NA,NA,NA,NA
"733",8,"1428542","Reject","Approve","Reject",NA,"Approve","Reject",NA,NA,NA,NA
"734",8,"1510063","Reject","Reject","Reject",NA,"Reject","Approve",NA,NA,NA,NA
"735",8,"1544722","Approve","Reject","Approve",NA,"Reject","Approve",NA,NA,NA,NA
"736",8,"1559058","Approve","Approve","Approve",NA,"Reject","Approve",NA,NA,NA,NA
"737",8,"1618903","Approve","Reject","Approve",NA,"Reject","Reject",NA,NA,NA,NA
"738",8,"2380536","Approve","Approve","Reject",NA,"Reject","Approve",NA,NA,NA,NA
"739",8,"3054732","Reject","Approve","Approve",NA,"Approve","Reject",NA,NA,NA,NA
"740",8,"3064937","Approve","Approve","Reject",NA,"Reject","Approve",NA,NA,NA,NA
"741",9,"1475237","Reject","Approve","Reject",NA,"Reject","Reject",NA,NA,NA,NA
"742",9,"1600579","Approve","Approve","Approve",NA,"Approve","Approve",NA,NA,NA,NA
"743",9,"1678556","Approve","Approve","Approve",NA,"Reject","Reject",NA,NA,NA,NA
"744",9,"2373125","Reject","Reject","Reject",NA,"Reject","Approve",NA,NA,NA,NA
"745",9,"2635597","Approve","Approve","Reject",NA,"Approve","Reject",NA,NA,NA,NA
"746",9,"2644637","Approve","Reject","Reject",NA,"Approve","Approve",NA,NA,NA,NA
"747",9,"2836821","Approve","Approve","Reject",NA,"Approve","Reject",NA,NA,NA,NA
"748",9,"2974581","Approve","Approve","Approve",NA,"Approve","Reject",NA,NA,NA,NA
"749",9,"3056242","Approve","Approve","Reject",NA,"Reject","Approve",NA,NA,NA,NA
"750",9,"3239736","Approve","Approve","Reject",NA,"Approve","Reject",NA,NA,NA,NA
"751",10,"1290462","Reject","Reject","Approve",NA,"Approve","Approve",NA,NA,NA,NA
"752",10,"1328666","Approve","Approve","Approve",NA,"Approve","Approve",NA,NA,NA,NA
"753",10,"1427798","Approve","Approve","Approve",NA,"Approve","Approve",NA,NA,NA,NA
"754",10,"1454668","Approve","Approve","Approve",NA,"Approve","Approve",NA,NA,NA,NA
"755",10,"1508682","Approve","Approve","Approve",NA,"Reject","Approve",NA,NA,NA,NA
"756",10,"1528128","Approve","Reject","Reject",NA,"Reject","Reject",NA,NA,NA,NA
"757",10,"1592631","Approve","Approve","Reject",NA,"Reject","Approve",NA,NA,NA,NA
"758",10,"2604708","Approve","Reject","Reject",NA,"Reject","Approve",NA,NA,NA,NA
"759",10,"3151559","Approve","Reject","Approve",NA,"Reject","Approve",NA,NA,NA,NA
"760",10,"3157428","Approve","Approve","Reject",NA,"Reject","Approve",NA,NA,NA,NA
"761",1,"1334596","Reject",NA,"Reject","Reject","Reject","Reject","Reject",NA,"Reject","Reject"
"762",1,"1438057","Reject",NA,"Reject","Reject","Reject","Reject","Reject",NA,"Reject","Reject"
"763",1,"1439480","Approve",NA,"Approve","Approve","Approve","Approve","Approve",NA,"Approve","Approve"
"764",1,"1470353","Reject",NA,"Reject","Reject","Reject","Reject","Reject",NA,"Reject","Approve"
"765",1,"1529432","Reject",NA,"Reject","Reject","Reject","Reject","Reject",NA,"Reject","Reject"
"766",1,"1534293","Approve","Approve","Approve","Approve","Approve","Approve","Approve",NA,"Approve","Approve"
"767",1,"1625556","Reject","Reject","Reject","Reject","Reject","Reject","Reject",NA,"Reject","Reject"
"768",1,"1857226","Reject","Reject","Reject","Reject","Reject","Reject","Reject",NA,"Approve","Reject"
"769",1,"3158207","Reject","Reject","Reject","Reject","Reject","Reject","Reject",NA,"Reject","Reject"
"770",1,"3235599","Reject",NA,"Reject","Reject","Reject","Reject","Reject",NA,"Reject","Reject"
"771",2,"1227988","Reject","Reject","Approve","Reject","Reject","Approve","Reject",NA,"Reject","Reject"
"772",2,"1325134","Approve","Reject","Approve","Approve","Approve","Approve","Approve",NA,"Approve","Approve"
"773",2,"1347768","Reject","Reject","Reject","Reject","Reject","Approve","Reject",NA,"Reject","Reject"
"774",2,"1508178","Reject","Reject","Reject","Reject","Reject","Reject","Reject",NA,"Approve","Approve"
"775",2,"1531491","Approve","Approve","Approve","Reject","Reject","Reject","Reject",NA,"Approve","Reject"
"776",2,"1683861","Reject","Reject","Reject","Reject","Reject","Approve","Reject",NA,"Reject","Reject"
"777",2,"1866661","Approve","Reject","Approve","Reject","Reject","Reject","Reject",NA,"Approve","Reject"
"778",2,"2175528","Reject","Reject","Reject","Reject","Reject","Reject","Reject",NA,"Reject","Reject"
"779",2,"3105437","Reject","Reject","Reject","Reject","Reject","Reject","Reject",NA,"Reject","Approve"
"780",2,"3154245","Approve","Reject","Approve","Reject","Reject","Reject","Approve",NA,"Approve","Approve"
"781",3,"1358466","Reject","Approve","Reject","Reject","Approve","Approve","Reject",NA,"Reject","Reject"
"782",3,"1530989","Approve","Reject","Approve","Reject","Approve","Reject","Reject",NA,"Reject","Approve"
"783",3,"2215152","Reject","Reject","Reject","Reject","Approve","Approve","Reject",NA,"Approve","Reject"
"784",3,"2485187","Approve","Approve","Approve","Reject","Approve","Approve","Approve",NA,"Approve","Approve"
"785",3,"2794690","Approve","Approve","Approve","Reject","Reject","Reject","Approve",NA,"Reject","Approve"
"786",3,"3155053","Reject","Reject","Approve","Reject","Reject",NA,"Reject",NA,"Reject","Approve"
"787",3,"3155823","Approve","Reject","Approve","Reject","Approve","Approve","Approve",NA,"Approve","Approve"
"788",3,"3161131","Reject","Reject","Reject","Reject","Approve","Approve","Reject",NA,"Reject","Reject"
"789",3,"3198607","Reject","Approve","Approve","Reject","Reject","Approve","Reject",NA,"Reject","Reject"
"790",3,"3235332","Reject","Approve","Approve","Reject","Approve","Approve","Approve",NA,"Approve","Approve"
"791",4,"1282615","Reject","Approve","Reject","Reject","Reject","Approve","Reject",NA,"Reject","Reject"
"792",4,"1677240","Approve","Approve","Approve","Reject","Approve","Reject","Approve",NA,"Approve","Approve"
"793",4,"1687729","Reject","Approve","Reject","Reject","Approve","Reject","Reject",NA,"Reject","Reject"
"794",4,"1816424","Reject","Reject","Approve","Reject","Approve","Reject","Reject",NA,"Reject","Reject"
"795",4,"2309025","Reject","Reject","Approve","Reject","Approve","Reject","Reject",NA,"Reject","Reject"
"796",4,"2383131","Approve","Approve","Reject","Reject","Approve","Approve","Reject",NA,"Approve","Reject"
"797",4,"2836762","Reject","Reject","Approve","Reject","Approve","Reject","Reject",NA,"Reject","Approve"
"798",4,"2905247","Approve","Approve","Approve","Reject","Approve","Reject","Approve",NA,"Approve","Approve"
"799",4,"3159632","Approve","Approve","Reject","Reject","Approve","Reject","Approve",NA,"Reject","Approve"
"800",4,"3163768","Approve","Approve","Approve","Approve","Approve","Approve","Approve",NA,"Approve","Approve"
"801",5,"1286676","Reject","Reject","Reject","Reject","Approve","Reject","Reject",NA,"Reject","Reject"
"802",5,"1411592","Approve","Approve","Approve","Approve","Approve","Approve","Approve",NA,"Approve","Approve"
"803",5,"1468720","Reject","Reject","Approve","Approve","Approve","Approve","Approve",NA,"Approve","Approve"
"804",5,"1587833","Approve","Approve","Reject","Reject","Approve","Reject","Reject",NA,"Approve","Approve"
"805",5,"1600462","Approve","Reject","Approve","Reject","Reject","Reject","Reject",NA,"Approve","Reject"
"806",5,"1608199","Reject","Approve","Approve","Reject","Approve","Reject","Reject",NA,"Reject","Reject"
"807",5,"2365728","Approve","Approve","Approve","Reject","Approve","Reject","Reject",NA,"Approve","Approve"
"808",5,"2379196","Reject","Approve","Reject","Reject","Reject","Reject","Reject",NA,"Approve","Reject"
"809",5,"3160349","Reject","Approve","Approve","Reject","Reject","Reject","Reject",NA,"Reject","Reject"
"810",5,"3265412","Reject","Approve","Approve","Reject","Reject","Approve","Reject",NA,"Reject","Reject"
"811",6,"1403327","Reject","Reject","Reject","Reject","Approve","Approve","Reject",NA,"Reject","Reject"
"812",6,"1455164","Reject","Approve","Approve","Approve","Approve","Approve","Reject",NA,"Approve","Reject"
"813",6,"1490388","Reject","Reject","Reject","Reject","Approve","Reject","Reject",NA,"Approve","Approve"
"814",6,"1524519","Reject","Reject","Approve","Approve","Approve","Approve","Reject",NA,"Reject","Approve"
"815",6,"1696113","Reject","Approve","Approve","Reject","Approve","Reject","Approve",NA,"Approve","Reject"
"816",6,"2080779","Reject","Reject","Reject","Reject","Approve","Reject","Reject",NA,"Reject","Reject"
"817",6,"2218127","Approve","Approve","Approve","Reject","Approve","Reject","Reject",NA,"Reject","Reject"
"818",6,"2794783","Reject","Reject","Approve","Approve","Approve","Approve","Reject",NA,"Approve","Reject"
"819",6,"2826396","Approve",NA,"Reject","Reject","Approve","Reject","Reject",NA,"Reject","Reject"
"820",6,"3236738","Approve","Approve","Approve","Reject","Reject","Reject","Approve",NA,"Approve","Approve"
"821",7,"1295173","Approve","Approve","Approve","Approve","Approve","Approve","Approve",NA,"Approve","Approve"
"822",7,"1343768","Approve","Approve","Reject","Reject","Approve","Approve","Approve",NA,"Approve","Reject"
"823",7,"1416499","Approve","Approve","Approve","Reject","Approve","Approve","Approve",NA,"Reject","Approve"
"824",7,"1446006","Approve","Approve","Approve","Approve","Approve","Approve","Approve",NA,"Approve","Approve"
"825",7,"1549100","Reject","Reject","Reject","Reject","Reject","Reject","Reject",NA,"Reject","Approve"
"826",7,"1593711","Reject","Approve","Reject","Reject","Approve","Reject","Reject",NA,"Reject","Reject"
"827",7,"1608526","Reject","Approve","Approve","Reject","Reject","Approve","Reject",NA,"Approve","Approve"
"828",7,"2089773","Reject","Approve","Reject","Reject","Approve","Reject","Reject",NA,"Reject","Reject"
"829",7,"2217033","Reject","Approve","Reject","Reject","Reject","Reject","Reject",NA,"Reject","Reject"
"830",7,"3296223","Approve","Approve","Approve","Approve","Approve","Reject","Approve",NA,"Approve","Approve"
"831",8,"1313388","Approve","Approve","Approve","Approve","Approve","Approve","Approve",NA,"Approve","Approve"
"832",8,"1318579","Approve","Approve","Approve","Approve","Approve","Approve","Approve",NA,"Approve","Approve"
"833",8,"1428542","Reject","Approve","Reject","Reject","Approve","Approve","Reject",NA,"Reject","Reject"
"834",8,"1510063","Approve","Reject","Reject","Reject","Reject","Reject","Reject",NA,"Reject","Reject"
"835",8,"1544722","Approve","Reject","Approve","Approve","Reject","Reject","Approve",NA,"Approve","Approve"
"836",8,"1559058","Approve","Approve","Approve","Approve","Reject","Reject","Approve",NA,"Reject","Approve"
"837",8,"1618903","Approve","Reject","Approve","Reject","Reject","Reject","Reject",NA,"Reject","Reject"
"838",8,"2380536","Approve","Approve","Approve","Approve","Reject","Reject","Approve",NA,"Approve","Approve"
"839",8,"3054732","Approve","Approve","Approve","Approve","Approve","Approve","Approve",NA,"Approve","Approve"
"840",8,"3064937","Approve","Approve","Reject","Approve","Approve","Reject","Approve",NA,"Reject","Reject"
"841",9,"1475237","Reject","Reject","Reject","Reject","Approve","Reject","Reject",NA,"Reject","Reject"
"842",9,"1600579","Approve","Approve","Approve","Approve","Approve","Approve","Approve",NA,"Approve","Approve"
"843",9,"1678556","Reject","Approve","Approve","Reject","Approve","Reject","Reject",NA,"Approve","Approve"
"844",9,"2373125","Reject","Reject","Reject","Reject","Reject","Reject","Reject",NA,"Reject","Reject"
"845",9,"2635597","Approve","Approve","Approve","Approve","Reject","Reject","Approve",NA,"Reject","Approve"
"846",9,"2644637","Approve","Approve","Approve","Approve","Reject","Approve","Approve",NA,"Reject","Approve"
"847",9,"2836821","Approve","Reject","Approve","Approve","Approve","Reject","Approve",NA,"Approve","Approve"
"848",9,"2974581","Approve","Approve","Reject","Approve","Reject","Reject","Approve",NA,"Approve","Approve"
"849",9,"3056242","Approve","Approve","Reject","Reject","Approve","Reject","Approve",NA,"Reject","Reject"
"850",9,"3239736","Approve","Approve","Approve","Approve","Reject","Approve","Approve",NA,"Approve","Reject"
"851",10,"1290462","Reject","Reject","Reject","Reject","Approve","Approve","Reject",NA,"Reject","Reject"
"852",10,"1328666","Approve","Approve","Reject","Approve","Approve","Approve","Approve",NA,"Reject","Approve"
"853",10,"1427798","Reject","Approve","Approve","Reject","Approve","Approve","Approve",NA,"Approve","Reject"
"854",10,"1454668","Approve","Approve","Reject","Approve","Approve","Reject","Approve",NA,"Reject","Reject"
"855",10,"1508682","Reject","Reject","Approve","Reject","Reject","Reject","Reject",NA,"Approve","Approve"
"856",10,"1528128","Reject","Reject","Reject","Reject","Approve","Reject","Reject",NA,"Reject","Approve"
"857",10,"1592631","Approve","Approve","Approve","Approve","Reject","Reject","Approve",NA,"Approve","Approve"
"858",10,"2604708","Approve","Approve","Approve","Approve","Reject","Reject","Approve",NA,"Reject","Approve"
"859",10,"3151559","Approve","Approve","Approve","Approve","Reject","Approve","Approve",NA,"Reject","Approve"
"860",10,"3157428","Approve","Approve","Approve","Approve","Reject","Approve","Approve",NA,"Approve","Approve"
"861",1,"1334596","Reject","Reject","Reject","Approve",NA,NA,NA,NA,NA,NA
"862",1,"1438057","Reject","Reject","Reject","Reject",NA,NA,NA,NA,NA,NA
"863",1,"1439480","Approve","Approve","Approve","Approve",NA,NA,NA,NA,NA,NA
"864",1,"1470353","Reject","Reject","Reject","Reject",NA,NA,NA,NA,NA,NA
"865",1,"1529432","Approve","Reject","Reject","Reject",NA,NA,NA,NA,NA,NA
"866",1,"1534293","Approve","Approve","Approve","Reject",NA,NA,NA,NA,NA,NA
"867",1,"1625556","Approve","Reject","Reject","Reject",NA,NA,NA,NA,NA,NA
"868",1,"1857226","Reject","Reject","Reject","Approve",NA,NA,NA,NA,NA,NA
"869",1,"3158207","Reject","Reject","Reject","Reject",NA,NA,NA,NA,NA,NA
"870",1,"3235599","Reject","Reject","Reject","Reject",NA,NA,NA,NA,NA,NA
"871",2,"1227988","Approve","Reject","Reject","Reject",NA,NA,NA,NA,NA,NA
"872",2,"1325134","Approve","Approve","Approve","Approve",NA,NA,NA,NA,NA,NA
"873",2,"1347768","Approve","Reject","Reject","Reject",NA,NA,NA,NA,NA,NA
"874",2,"1508178","Reject","Approve","Reject","Reject",NA,NA,NA,NA,NA,NA
"875",2,"1531491","Reject","Approve","Approve","Reject",NA,NA,NA,NA,NA,NA
"876",2,"1683861","Reject","Approve","Reject","Reject",NA,NA,NA,NA,NA,NA
"877",2,"1866661","Approve","Approve","Reject","Reject",NA,NA,NA,NA,NA,NA
"878",2,"2175528","Reject","Reject","Reject","Reject",NA,NA,NA,NA,NA,NA
"879",2,"3105437","Reject","Approve","Reject","Reject",NA,NA,NA,NA,NA,NA
"880",2,"3154245","Reject","Approve","Approve","Approve",NA,NA,NA,NA,NA,NA
"881",3,"1358466","Approve","Reject","Reject","Approve",NA,NA,NA,NA,NA,NA
"882",3,"1530989","Approve","Approve","Reject","Approve",NA,NA,NA,NA,NA,NA
"883",3,"2215152","Reject","Reject","Reject","Approve",NA,NA,NA,NA,NA,NA
"884",3,"2485187","Approve","Approve","Approve","Approve",NA,NA,NA,NA,NA,NA
"885",3,"2794690","Reject","Approve","Approve","Approve",NA,NA,NA,NA,NA,NA
"886",3,"3155053","Reject","Approve","Approve","Approve",NA,NA,NA,NA,NA,NA
"887",3,"3155823","Approve","Approve","Approve","Approve",NA,NA,NA,NA,NA,NA
"888",3,"3161131","Reject","Approve","Reject","Approve",NA,NA,NA,NA,NA,NA
"889",3,"3198607","Reject","Reject","Approve","Approve",NA,NA,NA,NA,NA,NA
"890",3,"3235332","Approve","Reject","Approve","Approve",NA,NA,NA,NA,NA,NA
"891",4,"1282615","Approve","Reject","Reject","Approve",NA,NA,NA,NA,NA,NA
"892",4,"1677240","Approve","Approve","Approve","Approve",NA,NA,NA,NA,NA,NA
"893",4,"1687729","Reject","Reject","Reject","Approve",NA,NA,NA,NA,NA,NA
"894",4,"1816424","Reject","Reject","Reject","Approve",NA,NA,NA,NA,NA,NA
"895",4,"2309025","Reject","Reject","Reject","Approve",NA,NA,NA,NA,NA,NA
"896",4,"2383131","Approve","Reject","Reject","Approve",NA,NA,NA,NA,NA,NA
"897",4,"2836762","Reject","Reject","Reject","Approve",NA,NA,NA,NA,NA,NA
"898",4,"2905247","Approve","Approve","Approve","Reject",NA,NA,NA,NA,NA,NA
"899",4,"3159632","Reject","Approve","Approve","Reject",NA,NA,NA,NA,NA,NA
"900",4,"3163768","Approve","Approve","Approve","Approve",NA,NA,NA,NA,NA,NA
"901",5,"1286676","Approve","Reject","Reject","Approve",NA,NA,NA,NA,NA,NA
"902",5,"1411592","Approve","Approve","Approve","Approve",NA,NA,NA,NA,NA,NA
"903",5,"1468720","Approve","Approve","Reject","Approve",NA,NA,NA,NA,NA,NA
"904",5,"1587833","Approve","Reject","Reject","Approve",NA,NA,NA,NA,NA,NA
"905",5,"1600462","Reject","Reject","Reject","Approve",NA,NA,NA,NA,NA,NA
"906",5,"1608199","Reject","Reject","Reject","Approve",NA,NA,NA,NA,NA,NA
"907",5,"2365728","Reject","Approve","Reject","Reject",NA,NA,NA,NA,NA,NA
"908",5,"2379196","Reject","Reject","Reject","Approve",NA,NA,NA,NA,NA,NA
"909",5,"3160349","Reject","Approve","Reject","Reject",NA,NA,NA,NA,NA,NA
"910",5,"3265412","Reject","Reject","Reject","Approve",NA,NA,NA,NA,NA,NA
"911",6,"1403327","Approve","Reject","Reject","Approve",NA,NA,NA,NA,NA,NA
"912",6,"1455164","Approve","Approve","Reject","Approve",NA,NA,NA,NA,NA,NA
"913",6,"1490388","Reject","Reject","Reject","Approve",NA,NA,NA,NA,NA,NA
"914",6,"1524519","Approve","Approve","Reject","Approve",NA,NA,NA,NA,NA,NA
"915",6,"1696113","Approve","Reject","Reject","Approve",NA,NA,NA,NA,NA,NA
"916",6,"2080779","Reject","Reject","Reject","Approve",NA,NA,NA,NA,NA,NA
"917",6,"2218127","Approve","Reject","Reject","Approve",NA,NA,NA,NA,NA,NA
"918",6,"2794783","Reject","Reject","Reject","Approve",NA,NA,NA,NA,NA,NA
"919",6,"2826396","Reject","Reject","Reject","Reject",NA,NA,NA,NA,NA,NA
"920",6,"3236738","Reject","Approve","Approve","Reject",NA,NA,NA,NA,NA,NA
"921",7,"1295173","Approve","Reject","Approve","Approve",NA,NA,NA,NA,NA,NA
"922",7,"1343768","Approve","Approve","Approve","Approve",NA,NA,NA,NA,NA,NA
"923",7,"1416499","Approve","Approve","Approve","Approve",NA,NA,NA,NA,NA,NA
"924",7,"1446006","Approve","Approve","Approve","Approve",NA,NA,NA,NA,NA,NA
"925",7,"1549100","Reject","Reject","Reject","Reject",NA,NA,NA,NA,NA,NA
"926",7,"1593711","Reject","Reject","Reject","Approve",NA,NA,NA,NA,NA,NA
"927",7,"1608526","Approve","Approve","Reject","Reject",NA,NA,NA,NA,NA,NA
"928",7,"2089773","Approve","Reject","Reject","Reject",NA,NA,NA,NA,NA,NA
"929",7,"2217033","Reject","Reject","Reject","Reject",NA,NA,NA,NA,NA,NA
"930",7,"3296223","Approve","Approve","Approve","Reject",NA,NA,NA,NA,NA,NA
"931",8,"1313388","Approve","Approve","Approve","Approve",NA,NA,NA,NA,NA,NA
"932",8,"1318579","Approve","Approve","Approve","Approve",NA,NA,NA,NA,NA,NA
"933",8,"1428542","Approve","Reject","Reject","Approve",NA,NA,NA,NA,NA,NA
"934",8,"1510063","Reject","Reject","Reject","Reject",NA,NA,NA,NA,NA,NA
"935",8,"1544722","Approve","Approve","Approve","Reject",NA,NA,NA,NA,NA,NA
"936",8,"1559058","Approve","Approve","Approve","Approve",NA,NA,NA,NA,NA,NA
"937",8,"1618903","Reject","Reject","Reject","Reject",NA,NA,NA,NA,NA,NA
"938",8,"2380536","Approve","Approve","Approve","Approve",NA,NA,NA,NA,NA,NA
"939",8,"3054732","Approve","Approve","Approve","Approve",NA,NA,NA,NA,NA,NA
"940",8,"3064937","Reject","Approve","Approve","Approve",NA,NA,NA,NA,NA,NA
"941",9,"1475237","Reject","Reject","Reject","Reject",NA,NA,NA,NA,NA,NA
"942",9,"1600579","Approve","Reject","Approve","Approve",NA,NA,NA,NA,NA,NA
"943",9,"1678556","Approve","Reject","Reject","Approve",NA,NA,NA,NA,NA,NA
"944",9,"2373125","Reject","Reject","Reject","Reject",NA,NA,NA,NA,NA,NA
"945",9,"2635597","Reject","Approve","Approve","Approve",NA,NA,NA,NA,NA,NA
"946",9,"2644637","Approve","Approve","Approve","Reject",NA,NA,NA,NA,NA,NA
"947",9,"2836821","Approve","Approve","Approve","Approve",NA,NA,NA,NA,NA,NA
"948",9,"2974581","Approve","Approve","Approve","Approve",NA,NA,NA,NA,NA,NA
"949",9,"3056242","Approve","Approve","Approve","Approve",NA,NA,NA,NA,NA,NA
"950",9,"3239736","Approve","Approve","Approve","Approve",NA,NA,NA,NA,NA,NA
"951",10,"1290462","Reject","Reject","Reject","Approve",NA,NA,NA,NA,NA,NA
"952",10,"1328666","Approve","Approve","Approve","Approve",NA,NA,NA,NA,NA,NA
"953",10,"1427798","Approve","Approve","Approve","Approve",NA,NA,NA,NA,NA,NA
"954",10,"1454668","Approve","Approve","Approve","Approve",NA,NA,NA,NA,NA,NA
"955",10,"1508682","Approve","Reject","Reject","Approve",NA,NA,NA,NA,NA,NA
"956",10,"1528128","Reject","Reject","Reject","Reject",NA,NA,NA,NA,NA,NA
"957",10,"1592631","Approve","Approve","Approve","Approve",NA,NA,NA,NA,NA,NA
"958",10,"2604708","Reject","Approve","Approve","Approve",NA,NA,NA,NA,NA,NA
"959",10,"3151559","Approve","Approve","Approve","Approve",NA,NA,NA,NA,NA,NA
"960",10,"3157428","Reject","Approve","Approve","Approve",NA,NA,NA,NA,NA,NA
"961",1,"1334596","Approve","Reject","Reject","Reject",NA,NA,NA,NA,NA,NA
"962",1,"1438057","Approve","Reject","Reject","Approve",NA,NA,NA,NA,NA,NA
"963",1,"1439480","Reject","Approve","Approve","Approve",NA,NA,NA,NA,NA,NA
"964",1,"1470353","Reject","Reject","Reject","Approve",NA,NA,NA,NA,NA,NA
"965",1,"1529432","Approve","Reject","Reject","Reject",NA,NA,NA,NA,NA,NA
"966",1,"1534293","Reject","Approve","Approve","Approve",NA,NA,NA,NA,NA,NA
"967",1,"1625556","Reject","Approve","Reject","Reject",NA,NA,NA,NA,NA,NA
"968",1,"1857226","Approve","Approve","Reject","Reject",NA,NA,NA,NA,NA,NA
"969",1,"3158207","Reject","Reject","Reject","Reject",NA,NA,NA,NA,NA,NA
"970",1,"3235599","Reject","Reject","Reject","Reject",NA,NA,NA,NA,NA,NA
"971",2,"1227988","Approve","Reject","Reject","Approve",NA,NA,NA,NA,NA,NA
"972",2,"1325134","Approve","Approve","Approve","Approve",NA,NA,NA,NA,NA,NA
"973",2,"1347768","Reject","Approve","Reject","Approve",NA,NA,NA,NA,NA,NA
"974",2,"1508178","Approve","Reject","Approve","Reject",NA,NA,NA,NA,NA,NA
"975",2,"1531491","Reject","Reject","Approve","Reject",NA,NA,NA,NA,NA,NA
"976",2,"1683861","Reject","Approve","Approve","Reject",NA,NA,NA,NA,NA,NA
"977",2,"1866661","Approve","Reject","Approve","Reject",NA,NA,NA,NA,NA,NA
"978",2,"2175528","Approve","Reject","Approve","Reject",NA,NA,NA,NA,NA,NA
"979",2,"3105437","Approve","Approve","Reject","Reject",NA,NA,NA,NA,NA,NA
"980",2,"3154245","Reject","Reject","Reject","Reject",NA,NA,NA,NA,NA,NA
"981",3,"1358466","Reject","Reject","Approve","Approve",NA,NA,NA,NA,NA,NA
"982",3,"1530989","Approve","Reject","Approve","Reject",NA,NA,NA,NA,NA,NA
"983",3,"2215152","Reject","Approve","Approve","Reject",NA,NA,NA,NA,NA,NA
"984",3,"2485187","Approve","Approve","Approve","Approve",NA,NA,NA,NA,NA,NA
"985",3,"2794690","Reject","Reject","Approve","Reject",NA,NA,NA,NA,NA,NA
"986",3,"3155053","Approve","Approve","Approve","Reject",NA,NA,NA,NA,NA,NA
"987",3,"3155823","Approve","Approve","Approve","Reject",NA,NA,NA,NA,NA,NA
"988",3,"3161131","Approve","Approve","Approve","Approve",NA,NA,NA,NA,NA,NA
"989",3,"3198607","Approve","Approve","Approve","Reject",NA,NA,NA,NA,NA,NA
"990",3,"3235332","Approve","Reject","Approve","Approve",NA,NA,NA,NA,NA,NA
"991",4,"1282615","Reject","Reject","Reject","Approve",NA,NA,NA,NA,NA,NA
"992",4,"1677240","Approve","Approve","Approve","Approve",NA,NA,NA,NA,NA,NA
"993",4,"1687729","Reject","Reject","Reject","Reject",NA,NA,NA,NA,NA,NA
"994",4,"1816424","Reject","Reject","Reject","Reject",NA,NA,NA,NA,NA,NA
"995",4,"2309025","Reject","Reject","Reject","Reject",NA,NA,NA,NA,NA,NA
"996",4,"2383131","Reject","Approve","Approve","Approve",NA,NA,NA,NA,NA,NA
"997",4,"2836762","Approve","Reject","Approve","Reject",NA,NA,NA,NA,NA,NA
"998",4,"2905247","Approve","Approve","Approve","Approve",NA,NA,NA,NA,NA,NA
"999",4,"3159632","Approve","Reject","Approve","Reject",NA,NA,NA,NA,NA,NA
"1000",4,"3163768","Approve","Approve","Approve","Approve",NA,NA,NA,NA,NA,NA
"1001",5,"1286676","Reject","Reject","Reject","Reject",NA,NA,NA,NA,NA,NA
"1002",5,"1411592","Approve","Approve","Approve","Approve",NA,NA,NA,NA,NA,NA
"1003",5,"1468720","Approve","Approve","Reject","Reject",NA,NA,NA,NA,NA,NA
"1004",5,"1587833","Reject","Approve","Reject","Reject",NA,NA,NA,NA,NA,NA
"1005",5,"1600462","Approve","Approve","Approve","Approve",NA,NA,NA,NA,NA,NA
"1006",5,"1608199","Approve","Approve","Reject","Reject",NA,NA,NA,NA,NA,NA
"1007",5,"2365728","Approve","Reject","Reject","Approve",NA,NA,NA,NA,NA,NA
"1008",5,"2379196","Reject","Reject","Reject","Approve",NA,NA,NA,NA,NA,NA
"1009",5,"3160349","Reject","Approve","Approve","Reject",NA,NA,NA,NA,NA,NA
"1010",5,"3265412","Reject","Approve","Reject","Reject",NA,NA,NA,NA,NA,NA
"1011",6,"1403327","Reject","Approve","Reject","Approve",NA,NA,NA,NA,NA,NA
"1012",6,"1455164","Reject","Reject","Reject","Approve",NA,NA,NA,NA,NA,NA
"1013",6,"1490388","Approve","Approve","Approve","Reject",NA,NA,NA,NA,NA,NA
"1014",6,"1524519","Approve",NA,"Approve","Approve",NA,NA,NA,NA,NA,NA
"1015",6,"1696113","Approve","Approve","Reject","Approve",NA,NA,NA,NA,NA,NA
"1016",6,"2080779","Reject","Reject","Reject","Approve",NA,NA,NA,NA,NA,NA
"1017",6,"2218127","Approve","Reject","Approve","Approve",NA,NA,NA,NA,NA,NA
"1018",6,"2794783","Reject","Reject","Reject","Approve",NA,NA,NA,NA,NA,NA
"1019",6,"2826396","Reject","Approve","Reject","Reject",NA,NA,NA,NA,NA,NA
"1020",6,"3236738","Approve","Approve","Reject","Approve",NA,NA,NA,NA,NA,NA
"1021",7,"1295173","Approve","Approve","Approve","Approve",NA,NA,NA,NA,NA,NA
"1022",7,"1343768","Reject","Approve","Reject","Approve",NA,NA,NA,NA,NA,NA
"1023",7,"1416499","Approve","Approve","Approve","Approve",NA,NA,NA,NA,NA,NA
"1024",7,"1446006","Approve","Approve","Approve","Approve",NA,NA,NA,NA,NA,NA
"1025",7,"1549100","Approve","Approve","Approve","Reject",NA,NA,NA,NA,NA,NA
"1026",7,"1593711","Reject","Reject","Reject","Reject",NA,NA,NA,NA,NA,NA
"1027",7,"1608526","Approve","Approve","Approve","Reject",NA,NA,NA,NA,NA,NA
"1028",7,"2089773","Reject","Reject","Reject","Approve",NA,NA,NA,NA,NA,NA
"1029",7,"2217033","Reject","Reject","Reject","Reject",NA,NA,NA,NA,NA,NA
"1030",7,"3296223","Approve","Approve","Reject","Approve",NA,NA,NA,NA,NA,NA
"1031",8,"1313388","Approve","Approve","Reject","Approve",NA,NA,NA,NA,NA,NA
"1032",8,"1318579","Approve","Approve","Approve","Approve",NA,NA,NA,NA,NA,NA
"1033",8,"1428542","Reject","Reject","Reject","Reject",NA,NA,NA,NA,NA,NA
"1034",8,"1510063","Reject","Approve","Reject","Reject",NA,NA,NA,NA,NA,NA
"1035",8,"1544722","Approve","Approve","Approve","Reject",NA,NA,NA,NA,NA,NA
"1036",8,"1559058","Approve","Approve","Reject","Approve",NA,NA,NA,NA,NA,NA
"1037",8,"1618903","Reject","Approve","Approve","Reject",NA,NA,NA,NA,NA,NA
"1038",8,"2380536","Reject","Approve","Approve","Approve",NA,NA,NA,NA,NA,NA
"1039",8,"3054732","Approve","Approve","Approve","Approve",NA,NA,NA,NA,NA,NA
"1040",8,"3064937","Reject","Approve","Reject","Approve",NA,NA,NA,NA,NA,NA
"1041",9,"1475237","Reject","Reject","Reject","Reject",NA,NA,NA,NA,NA,NA
"1042",9,"1600579","Approve","Reject","Approve","Approve",NA,NA,NA,NA,NA,NA
"1043",9,"1678556","Reject","Approve","Approve","Reject",NA,NA,NA,NA,NA,NA
"1044",9,"2373125","Reject","Approve","Reject","Reject",NA,NA,NA,NA,NA,NA
"1045",9,"2635597","Approve","Approve","Approve","Approve",NA,NA,NA,NA,NA,NA
"1046",9,"2644637","Reject","Approve","Approve","Approve",NA,NA,NA,NA,NA,NA
"1047",9,"2836821","Approve","Approve","Approve","Approve",NA,NA,NA,NA,NA,NA
"1048",9,"2974581","Approve","Reject","Reject","Approve",NA,NA,NA,NA,NA,NA
"1049",9,"3056242","Reject","Approve","Approve","Reject",NA,NA,NA,NA,NA,NA
"1050",9,"3239736","Approve","Reject","Reject","Approve",NA,NA,NA,NA,NA,NA
"1051",10,"1290462","Reject","Reject","Reject","Approve",NA,NA,NA,NA,NA,NA
"1052",10,"1328666","Approve","Approve","Approve","Approve",NA,NA,NA,NA,NA,NA
"1053",10,"1427798","Reject","Approve","Reject","Approve",NA,NA,NA,NA,NA,NA
"1054",10,"1454668","Approve","Approve","Reject","Approve",NA,NA,NA,NA,NA,NA
"1055",10,"1508682","Reject","Approve","Approve","Reject",NA,NA,NA,NA,NA,NA
"1056",10,"1528128","Reject","Reject","Reject","Reject",NA,NA,NA,NA,NA,NA
"1057",10,"1592631","Approve","Approve","Approve","Approve",NA,NA,NA,NA,NA,NA
"1058",10,"2604708","Approve","Approve","Approve","Approve",NA,NA,NA,NA,NA,NA
"1059",10,"3151559","Reject","Approve","Reject","Approve",NA,NA,NA,NA,NA,NA
"1060",10,"3157428","Approve","Approve","Approve","Approve",NA,NA,NA,NA,NA,NA
